Gene,Uniprot_ID,Cohort,pval,qval,C_pos,Score_obs_sim_top_vol,Mut_in_top_vol,Mut_in_gene,Cohort_Gene
BRAF,P15056,TCGA_WXS_WDTC,1e-05,0.0,[601 600],179.6182812063965,287.0,287,TCGA_WXS_WDTC|BRAF
NRAS,P01111,TCGA_WXS_WDTC,1e-05,0.0,[61],15.507142700699369,39.0,39,TCGA_WXS_WDTC|NRAS
HRAS,P01112,TCGA_WXS_WDTC,1e-05,0.0,[61],7.066158599870145,17.0,17,TCGA_WXS_WDTC|HRAS
GNAQ,A0A024R240,TCGA_WXS_UM,1e-05,0.0,[209  48],18.59169648107165,38.0,40,TCGA_WXS_UM|GNAQ
GNA11,P29992,TCGA_WXS_UM,1e-05,0.0,[209],14.753669166992449,34.0,36,TCGA_WXS_UM|GNA11
SF3B1,O75533,TCGA_WXS_UM,1e-05,0.0,[625 666 662 663],14.147751573800935,18.0,18,TCGA_WXS_UM|SF3B1
TP53,K7PPA8,TCGA_WXS_UCS,1e-05,0.0,[239 242 245 241 248 249 243 273 238 175 244 179 195 193 281 216 205 132 163],8.469888366313619,25.0,42,TCGA_WXS_UCS|TP53
PPP2R1A,A8K7B7,TCGA_WXS_UCS,1e-05,0.0,[217 219 179 183 256],6.308405129988853,13.0,16,TCGA_WXS_UCS|PPP2R1A
FBXW7,Q969H0,TCGA_WXS_UCS,1e-05,0.0,[505 479 465],5.94884694264419,13.0,21,TCGA_WXS_UCS|FBXW7
CTNNB1,A0A024R2Q3,TCGA_WXS_UCEC,1e-05,0.0,[35 34 33 32 37 41],43.40274466518724,85.0,107,TCGA_WXS_UCEC|CTNNB1
PTEN,F6KD01,TCGA_WXS_UCEC,1e-05,0.0,[132 130 124 129 127 128 126 125 123  92  93 165 122  95 134  96 171  71  35  34  36 155 167 154 152  33  28 153 136 138 145 144 141  13  38 170  24 275  27 162 173 101  31 142 252  67  66  86  39 181],41.634486058441965,102.0,166,TCGA_WXS_UCEC|PTEN
KRAS,A0A024RAV5,TCGA_WXS_UCEC,1e-05,0.0,[12 13 61 59],29.01585123788648,76.0,78,TCGA_WXS_UCEC|KRAS
PIK3CA,P42336,TCGA_WXS_UCEC,1e-05,0.0,[ 545 1049 1047 1044 1043  542  546   88  539   39   38  345   93  344  106  378  107  108  115  111  471  453  104  420   81  118  600  449],20.07918371755155,67.0,242,TCGA_WXS_UCEC|PIK3CA
TP53,K7PPA8,TCGA_WXS_UCEC,1e-05,0.0,[239 240 241 273 248 249 245 236 275 238 135 134 176 276 175 281 282 278 237 272 195 193 244 179 178 173 138 214 181 126 215 216 197 232 205 279 141 158 159 130 157 213 204 127 220 262 267],19.971393336537723,75.0,137,TCGA_WXS_UCEC|TP53
PPP2R1A,A8K7B7,TCGA_WXS_UCEC,1e-05,0.0,[217 179 220 183 216 256 257 254 298],18.67719156804281,49.0,64,TCGA_WXS_UCEC|PPP2R1A
BCOR,Q6W2J9,TCGA_WXS_UCEC,1e-05,0.0,[1459],14.761120582508084,25.0,40,TCGA_WXS_UCEC|BCOR
FBXW7,Q969H0,TCGA_WXS_UCEC,1e-05,0.0,[505 465 479 476 441 545 399 423],12.655656084814838,33.0,48,TCGA_WXS_UCEC|FBXW7
FGFR2,P21802,TCGA_WXS_UCEC,1e-05,0.0,[252 253 382 549],10.72234281989375,24.0,46,TCGA_WXS_UCEC|FGFR2
NFE2L2,Q16236,TCGA_WXS_UCEC,1e-05,0.0,[81 80 82 34],6.045743919120636,12.0,28,TCGA_WXS_UCEC|NFE2L2
AGAP6,Q5VW22,TCGA_WXS_UCEC,1e-05,0.0,[109],5.845645951709532,10.0,11,TCGA_WXS_UCEC|AGAP6
PIK3R1,A0A2X0SFG1,TCGA_WXS_UCEC,1e-05,0.0,[568 564 567 574 573 560 452 457 577 557],5.481214813544702,14.0,31,TCGA_WXS_UCEC|PIK3R1
SOX17,Q9H6I2,TCGA_WXS_UCEC,1e-05,0.0,[403],5.156048715633146,10.0,16,TCGA_WXS_UCEC|SOX17
CCND1,P24385,TCGA_WXS_UCEC,1e-05,0.0,[286 287],5.050030081219914,13.0,20,TCGA_WXS_UCEC|CCND1
DICER1,Q9UPY3,TCGA_WXS_UCEC,1e-05,0.0,[1705 1810 1709 1809 1813 1703 1344],4.899067939934988,10.0,22,TCGA_WXS_UCEC|DICER1
CHD4,Q14839,TCGA_WXS_UCEC,1e-05,0.0,[1159 1160 1136 1162 1111 1137  973 1105  975 1155 1129 1127 1130 1098 1141 1068 1151],4.290368881383765,13.0,61,TCGA_WXS_UCEC|CHD4
NRAS,P01111,TCGA_WXS_UCEC,1e-05,0.0,[13 12 61 33],4.255401356774623,10.0,10,TCGA_WXS_UCEC|NRAS
MYCN,P04198,TCGA_WXS_UCEC,1e-05,0.0,[44],3.909557941712293,7.0,12,TCGA_WXS_UCEC|MYCN
RBM39,A0A384NQ03,TCGA_WXS_UCEC,1e-05,0.0,[353 354],3.878973374178767,6.0,7,TCGA_WXS_UCEC|RBM39
ERBB3,P21860,TCGA_WXS_UCEC,1e-05,0.0,[232 245 103 104  81 216 284],3.717064459109656,9.0,22,TCGA_WXS_UCEC|ERBB3
FOXA2,B0ZTD4,TCGA_WXS_UCEC,1e-05,0.0,[239 223 217],3.560426472286646,6.0,10,TCGA_WXS_UCEC|FOXA2
CTCF,P49711,TCGA_WXS_UCEC,1e-05,0.0,[378 377],3.3031800316474342,9.0,26,TCGA_WXS_UCEC|CTCF
AKT1,B0LPE5,TCGA_WXS_UCEC,1e-05,0.0,[17],3.275374881963597,8.0,13,TCGA_WXS_UCEC|AKT1
SPOP,O43791,TCGA_WXS_UCEC,1e-05,0.0,[ 45  47  46  50 117 103  73],2.936135199166151,10.0,32,TCGA_WXS_UCEC|SPOP
SOS1,Q07889,TCGA_WXS_UCEC,1e-05,0.0,[233],2.676312108533114,6.0,17,TCGA_WXS_UCEC|SOS1
KAT6A,Q92794,TCGA_WXS_UCEC,1e-05,0.0,[1551 1549 1554],2.609760358077273,5.0,17,TCGA_WXS_UCEC|KAT6A
GTF2I,P78347,TCGA_WXS_THYM,1e-05,0.0,[424],35.26329690717257,59.0,60,TCGA_WXS_THYM|GTF2I
TP53,K7PPA8,TCGA_WXS_STAD,1e-05,0.0,[245 242 238 175 246 273 274 192 249 176 237 248 250 179 173 193 195 134 271 272 282 135 136 130 126 270 214 152 285 286 215 151 259 205 220 158 254 107 141 111],9.804193693804642,41.0,115,TCGA_WXS_STAD|TP53
KRAS,A0A024RAV5,TCGA_WXS_STAD,1e-05,0.0,[12 13 61 59],7.616043252313774,21.0,23,TCGA_WXS_STAD|KRAS
PIK3CA,P42336,TCGA_WXS_STAD,1e-05,0.0,[ 545  542  546 1047 1043],5.586134723051065,16.0,48,TCGA_WXS_STAD|PIK3CA
RHOA,A0A024R324,TCGA_WXS_STAD,1e-05,0.0,[59 40 41 60 57 42 61 39 26 62 69 17],5.323195281250944,17.0,22,TCGA_WXS_STAD|RHOA
CTNNB1,A0A024R2Q3,TCGA_WXS_STAD,1e-05,0.0,[34 37 33 32],4.857107894771405,10.0,15,TCGA_WXS_STAD|CTNNB1
SMAD4,A0A024R274,TCGA_WXS_STAD,1e-05,0.0,[351 363 355 361 356 352 386 383 382 504 406 524 507 330],4.680366780401885,13.0,23,TCGA_WXS_STAD|SMAD4
CNBD1,Q8NA66,TCGA_WXS_STAD,1e-05,0.0,[396],4.300893250933291,9.0,12,TCGA_WXS_STAD|CNBD1
FMN2,Q9NZ56,TCGA_WXS_STAD,1e-05,0.0,[1624 1628 1629 1622 1621],3.5445307504737142,7.0,20,TCGA_WXS_STAD|FMN2
CDH1,A0A0U2ZQU7,TCGA_WXS_STAD,1e-05,0.0,[290 257 254 288 222 299],3.400845394633321,10.0,26,TCGA_WXS_STAD|CDH1
TRIM49C,P0CI26,TCGA_WXS_STAD,1e-05,0.0,[327],2.9727535640216383,8.0,15,TCGA_WXS_STAD|TRIM49C
SPTA1,P02549,TCGA_WXS_STAD,1e-05,0.0,[1733 1736 1732 1805 1803],2.3824100896263745,8.0,61,TCGA_WXS_STAD|SPTA1
TP53,K7PPA8,TCGA_WXS_SOFT_TISSUE,1e-05,0.0,[242 238 175 195 237 194 273 241 179 244 275 272 248 158 215 156 214 220 270 132 205 281 234 278 203],4.302525499799798,17.0,49,TCGA_WXS_SOFT_TISSUE|TP53
SPOP,O43791,TCGA_WXS_PRAD,1e-05,0.0,[131  87 133 104 102 129 130 125],26.35531274233273,52.0,54,TCGA_WXS_PRAD|SPOP
TP53,K7PPA8,TCGA_WXS_PRAD,1e-05,0.0,[239 245 249 273 248 175 176 177 135 237 282 163 141 181 279 271 193],5.109530886665936,20.0,41,TCGA_WXS_PRAD|TP53
MED12,Q93074,TCGA_WXS_PRAD,1e-05,0.0,[1223 1224],3.8341536598481007,5.0,6,TCGA_WXS_PRAD|MED12
CTNNB1,A0A024R2Q3,TCGA_WXS_PRAD,1e-05,0.0,[32 33],2.550003046697884,5.0,10,TCGA_WXS_PRAD|CTNNB1
HRAS,P01112,TCGA_WXS_PGNG,1e-05,0.0,[13 61],7.463745697517304,18.0,18,TCGA_WXS_PGNG|HRAS
EPAS1,Q99814,TCGA_WXS_PGNG,1e-05,0.0,[531 530 532],6.3869883830785055,8.0,8,TCGA_WXS_PGNG|EPAS1
KRAS,A0A024RAV5,TCGA_WXS_PAAD,1e-05,0.0,[12 61 13],48.98289808412907,118.0,119,TCGA_WXS_PAAD|KRAS
TP53,K7PPA8,TCGA_WXS_PAAD,1e-05,0.0,[239 245 241 273 248 274 246 250 238 194 275 175 179 135 272 278 282 173 126 131 214 215 283 127 143],9.69827458623426,36.0,66,TCGA_WXS_PAAD|TP53
GNAS,A0A0S2Z3H8,TCGA_WXS_PAAD,1e-05,0.0,[201],3.430689770866872,6.0,6,TCGA_WXS_PAAD|GNAS
SMAD4,A0A024R274,TCGA_WXS_PAAD,1e-05,0.0,[351 355 361 352 384],3.0311846284642447,8.0,14,TCGA_WXS_PAAD|SMAD4
TP53,K7PPA8,TCGA_WXS_OVT,1e-05,0.0,[239 241 242 273 238 274 245 236 249 175 194 250 237 251 248 173 176 275 195 134 244 179 135 193 281 272 177 276 282 132 161 278 253 138 216 277 159 214 234 157 215 280 164 257 279 258 205 232 270 131 130 220 154 265 125 163 156 286 151 127 145 105 147 266 110 262 208],24.29605245780723,104.0,229,TCGA_WXS_OVT|TP53
TOP2A,P11388,TCGA_WXS_OVT,1e-05,0.0,[215],4.020249462932274,7.0,10,TCGA_WXS_OVT|TOP2A
KIT,P10721,TCGA_WXS_MGCT,1e-05,0.0,[816],4.56535928561428,10.0,20,TCGA_WXS_MGCT|KIT
KRAS,A0A024RAV5,TCGA_WXS_MGCT,1e-05,0.0,[61 12 63],4.26189874781537,11.0,12,TCGA_WXS_MGCT|KRAS
BRAF,P15056,TCGA_WXS_MEL,1e-05,0.0,[597 601 600 594 574],154.3743297552463,245.0,269,TCGA_WXS_MEL|BRAF
NRAS,P01111,TCGA_WXS_MEL,1e-05,0.0,[12 13 61 62 34],57.08876022417783,126.0,127,TCGA_WXS_MEL|NRAS
MAP2K1,A4QPA9,TCGA_WXS_MEL,1e-05,0.0,[124 122 203  53 118],8.864404544243357,20.0,27,TCGA_WXS_MEL|MAP2K1
CNOT9,D5MQE1,TCGA_WXS_MEL,1e-05,0.0,[ 88 131  87],7.687516863247584,14.0,15,TCGA_WXS_MEL|CNOT9
RAC1,A4D2P1,TCGA_WXS_MEL,1e-05,0.0,[31 29],7.1171215883168575,18.0,22,TCGA_WXS_MEL|RAC1
IDH1,A0A024R3Y6,TCGA_WXS_MEL,1e-05,0.0,[132],6.736578690776177,17.0,21,TCGA_WXS_MEL|IDH1
SLC27A5,Q9Y2P5,TCGA_WXS_MEL,1e-05,0.0,[554 550],5.380448259402059,13.0,20,TCGA_WXS_MEL|SLC27A5
KNSTRN,Q9Y448,TCGA_WXS_MEL,1e-05,0.0,[26 24 23 28],5.256621256394519,11.0,16,TCGA_WXS_MEL|KNSTRN
PPP6C,A0A024R861,TCGA_WXS_MEL,1e-05,0.0,[259 264  57 270],4.292227878947564,16.0,25,TCGA_WXS_MEL|PPP6C
CDK4,A0A024RBB6,TCGA_WXS_MEL,1e-05,0.0,[22 24 35 15],4.137466418445833,10.0,13,TCGA_WXS_MEL|CDK4
CDKN2A,K7PML8,TCGA_WXS_MEL,1e-05,0.0,[ 83 114  81  88],4.0868980976672304,15.0,21,TCGA_WXS_MEL|CDKN2A
MGAM2,Q2M2H8,TCGA_WXS_MEL,1e-05,0.0,[1536 1529 1533 1535],3.613221831041837,5.0,7,TCGA_WXS_MEL|MGAM2
TBC1D3B,A6NDS4,TCGA_WXS_MEL,1e-05,0.0,[162 164 154],3.530769308384947,5.0,5,TCGA_WXS_MEL|TBC1D3B
KIT,P10721,TCGA_WXS_MEL,1e-05,0.0,[576 642],3.129503696220413,8.0,24,TCGA_WXS_MEL|KIT
PRRG3,Q9BZD7,TCGA_WXS_MEL,1e-05,0.0,[18 16 19],3.105880015052939,8.0,19,TCGA_WXS_MEL|PRRG3
SF3B1,O75533,TCGA_WXS_MEL,1e-05,0.0,[626 625],2.965738132368515,7.0,24,TCGA_WXS_MEL|SF3B1
BAHD1,A0A024R9K2,TCGA_WXS_MEL,1e-05,0.0,[290 288 291],2.950087511868828,5.0,9,TCGA_WXS_MEL|BAHD1
GIMAP8,Q8ND71,TCGA_WXS_MEL,1e-05,0.0,[654 649],2.8939388316110137,10.0,41,TCGA_WXS_MEL|GIMAP8
COL21A1,A0A158RFW1,TCGA_WXS_MEL,1e-05,0.0,[698 695 692 701],2.8868062803939893,12.0,98,TCGA_WXS_MEL|COL21A1
KLHDC7A,Q5VTJ3,TCGA_WXS_MEL,1e-05,0.0,[635],2.8795590163739546,10.0,49,TCGA_WXS_MEL|KLHDC7A
KRAS,A0A024RAV5,TCGA_WXS_MEL,1e-05,0.0,[61 12 63 62 13],2.876875355485419,9.0,13,TCGA_WXS_MEL|KRAS
CORIN,Q9Y5Q5,TCGA_WXS_MEL,1e-05,0.0,[264 262],2.839192270465328,8.0,38,TCGA_WXS_MEL|CORIN
TCF7L1,Q9HCS4,TCGA_WXS_MEL,1e-05,0.0,[99],2.741167974441895,5.0,11,TCGA_WXS_MEL|TCF7L1
APOBR,Q0VD83,TCGA_WXS_MEL,1e-05,0.0,[1018 1019],2.708750614138409,6.0,28,TCGA_WXS_MEL|APOBR
ASXL3,Q9C0F0,TCGA_WXS_MEL,1e-05,0.0,[1370],2.694005039243863,9.0,132,TCGA_WXS_MEL|ASXL3
ARHGAP11A,Q6P4F7,TCGA_WXS_MEL,1e-05,0.0,[1005 1008],2.6916617608938096,5.0,12,TCGA_WXS_MEL|ARHGAP11A
TP53,K7PPA8,TCGA_WXS_MEL,1e-05,0.0,[275 280 278 134 120 241 141],2.623695236106728,10.0,34,TCGA_WXS_MEL|TP53
PCDHGB4,Q9UN71,TCGA_WXS_MEL,1e-05,0.0,[137],2.572440059960293,7.0,26,TCGA_WXS_MEL|PCDHGB4
BMP5,M9VUD0,TCGA_WXS_MEL,1e-05,0.0,[321 322 323],2.553021267423662,8.0,44,TCGA_WXS_MEL|BMP5
CTAGE6,Q86UF2,TCGA_WXS_MEL,1e-05,0.0,[409 406],2.3432579013764783,5.0,14,TCGA_WXS_MEL|CTAGE6
SH3RF3,Q8TEJ3,TCGA_WXS_MEL,1e-05,0.0,[244 243 207],2.3244143221867315,5.0,13,TCGA_WXS_MEL|SH3RF3
NFE2L2,Q16236,TCGA_WXS_LUSC,1e-05,0.0,[31 29 30 26 27 24 79 80 81 77 34],20.512420188968395,43.0,68,TCGA_WXS_LUSC|NFE2L2
TP53,K7PPA8,TCGA_WXS_LUSC,1e-05,0.0,[245 241 242 273 249 175 248 238 194 173 274 216 236 159 174 176 251 250 237 135 281 179 195 275 157 282 258 278 276 136 244 158 220 262 172 272 160 267 193 271 232 132 161 205 259 214 280 283 155 279 126 181 234 125 163 266 197 141 152 154 213 151 106 105 190 286 131 109 110 111 144],14.640402926311708,76.0,259,TCGA_WXS_LUSC|TP53
PIK3CA,P42336,TCGA_WXS_LUSC,1e-05,0.0,[ 542  545  547  539 1045 1047],13.669229269904026,29.0,50,TCGA_WXS_LUSC|PIK3CA
CDKN2A,K7PML8,TCGA_WXS_LUSC,1e-05,0.0,[ 83 114  84  85 118  81  50 108  53  20  48],5.202005084386927,20.0,29,TCGA_WXS_LUSC|CDKN2A
HRAS,P01112,TCGA_WXS_LUSC,1e-05,0.0,[13 12 61],3.5889069363236548,7.0,7,TCGA_WXS_LUSC|HRAS
KLF5,Q13887,TCGA_WXS_LUSC,1e-05,0.0,[418 419],3.2988333568461057,6.0,10,TCGA_WXS_LUSC|KLF5
KRAS,A0A024RAV5,TCGA_WXS_LUAD,1e-05,0.0,[12 13 61],65.93371074412705,161.0,165,TCGA_WXS_LUAD|KRAS
TP53,K7PPA8,TCGA_WXS_LUAD,1e-05,0.0,[241 239 249 245 242 273 248 238 173 175 194 274 281 250 216 282 195 176 236 275 158 215 179 193 159 180 135 157 255 237 161 272 278 285 132 271 244 258 283 177 214 205 280 277 163 168 220 130 267 156 286 127 266 155 232 154 120 270 152 110 105 151 171 144 141],9.63419189722548,47.0,171,TCGA_WXS_LUAD|TP53
EGFR,P00533,TCGA_WXS_LUAD,1e-05,0.0,[858],9.60134036995658,22.0,44,TCGA_WXS_LUAD|EGFR
U2AF1,Q01081,TCGA_WXS_LUAD,1e-05,0.0,[34],5.685301950493935,12.0,13,TCGA_WXS_LUAD|U2AF1
BRAF,P15056,TCGA_WXS_LUAD,1e-05,0.0,[596 466 464 469 600 604 594 581],5.397778079122133,13.0,34,TCGA_WXS_LUAD|BRAF
CTNNB1,A0A024R2Q3,TCGA_WXS_LUAD,1e-05,0.0,[34 37 33],4.485262228789044,10.0,18,TCGA_WXS_LUAD|CTNNB1
PIK3CA,P42336,TCGA_WXS_LUAD,1e-05,0.0,[545 542],4.12888582171816,10.0,27,TCGA_WXS_LUAD|PIK3CA
PPP3CA,A0A0S2Z4C6,TCGA_WXS_LUAD,1e-05,0.0,[480 481 477 484],2.920868599178539,6.0,9,TCGA_WXS_LUAD|PPP3CA
TCAF1,Q9Y4C2,TCGA_WXS_LUAD,1e-05,0.0,[147  80 124  53],2.525148949046948,5.0,7,TCGA_WXS_LUAD|TCAF1
IDH1,A0A024R3Y6,TCGA_WXS_LGGNOS,1e-05,0.0,[132],170.2965014474917,395.0,395,TCGA_WXS_LGGNOS|IDH1
TP53,K7PPA8,TCGA_WXS_LGGNOS,1e-05,0.0,[273 274 241 249 236 248 250 272 275 136 281 132 278 282 194 238 245 175 246 237 193 176 195 179 173 177 161 277 214 244 196 181 232 234 130 126 215 152 157 151 125 230 280 216 131 220 156 155 145 279 270 158 205 143 159 127 163 120 190 141 213 113 208 142 286 255 265 109 267 110 266],31.60361321688327,113.0,246,TCGA_WXS_LGGNOS|TP53
CIC,Q96RK0,TCGA_WXS_LGGNOS,1e-05,0.0,[ 234  231  210  230  215  227  202  213  203  201  260  205 1512 1515 1474 1484  235  229  232  253  269  228  252 1471],13.06738377603986,25.0,61,TCGA_WXS_LGGNOS|CIC
IDH2,P48735,TCGA_WXS_LGGNOS,1e-05,0.0,[172],10.218917186542615,20.0,20,TCGA_WXS_LGGNOS|IDH2
EGFR,P00533,TCGA_WXS_LGGNOS,1e-05,0.0,[289 108 252  84  62 263 256 598],7.7161641748966625,19.0,40,TCGA_WXS_LGGNOS|EGFR
PIK3CA,P42336,TCGA_WXS_LGGNOS,1e-05,0.0,[1047 1043  545  546  542],3.3816834892766914,10.0,37,TCGA_WXS_LGGNOS|PIK3CA
TP53,K7PPA8,TCGA_WXS_HNSC,1e-05,0.0,[239 245 246 238 242 175 273 249 241 194 173 248 236 237 176 251 180 134 179 195 278 281 282 275 193 133 244 136 172 132 276 137 272 271 161 280 277 283 216 126 196 127 157 125 285 259 258 163 265 156 158 168 234 141 220 266 159 218 106 286 205 213 267 105 262 270 151 143 110 211],22.251088511687563,101.0,245,TCGA_WXS_HNSC|TP53
PIK3CA,P42336,TCGA_WXS_HNSC,1e-05,0.0,[ 545  542  546 1043 1047  905 1040],18.2695909429001,46.0,89,TCGA_WXS_HNSC|PIK3CA
HRAS,P01112,TCGA_WXS_HNSC,1e-05,0.0,[12 13 11 61],14.531443802515367,31.0,33,TCGA_WXS_HNSC|HRAS
FBXW7,Q969H0,TCGA_WXS_HNSC,1e-05,0.0,[505 502 479 465 543 520 545],8.84095836273021,18.0,22,TCGA_WXS_HNSC|FBXW7
NFE2L2,Q16236,TCGA_WXS_HNSC,1e-05,0.0,[28 29 30 24 32 79 80 81 82 34],5.478518275661483,12.0,26,TCGA_WXS_HNSC|NFE2L2
RAC1,A4D2P1,TCGA_WXS_HNSC,1e-05,0.0,[ 18 159  29  15 116],4.959397098042278,11.0,12,TCGA_WXS_HNSC|RAC1
AJUBA,Q96IF1,TCGA_WXS_HNSC,1e-05,0.0,[426 428 423 433 406],3.409200906640062,5.0,6,TCGA_WXS_HNSC|AJUBA
NOTCH1,P46531,TCGA_WXS_HNSC,1e-05,0.0,[468 456 461 478 465 454 429 455 353 352 424 338 484 422 440 481],3.178467233326005,9.0,57,TCGA_WXS_HNSC|NOTCH1
KIF5B,P33176,TCGA_WXS_HNSC,1e-05,0.0,[80 81],2.862822152179456,4.0,5,TCGA_WXS_HNSC|KIF5B
CTNNB1,A0A024R2Q3,TCGA_WXS_HCC,1e-05,0.0,[ 34  35  33  32  36  37  45  41 333 335],23.912246509855784,54.0,97,TCGA_WXS_HCC|CTNNB1
TP53,K7PPA8,TCGA_WXS_HCC,1e-05,0.0,[273 246 245 248 249 193 195 174 194 215 238 161 158 237 175 213 258 205 157 257 275 281 220 156 271 276 266 176 151 280 253 197 126 139 286],5.663929771537641,23.0,67,TCGA_WXS_HCC|TP53
NFE2L2,Q16236,TCGA_WXS_HCC,1e-05,0.0,[79 81 80 82],4.800334831081417,7.0,10,TCGA_WXS_HCC|NFE2L2
CRIP3,Q6Q6R5,TCGA_WXS_HCC,1e-05,0.0,[136 137],3.723199868223062,8.0,10,TCGA_WXS_HCC|CRIP3
EEF1A1,P68104,TCGA_WXS_HCC,1e-05,0.0,[432 362],3.696548224810852,9.0,14,TCGA_WXS_HCC|EEF1A1
EGFR,P00533,TCGA_WXS_GBM,1e-05,0.0,[289 252 108 254 263  62 256 608 598 596 624 628 620  63 270],15.092118721529268,43.0,109,TCGA_WXS_GBM|EGFR
IDH1,A0A024R3Y6,TCGA_WXS_GBM,1e-05,0.0,[132],11.728328172055845,25.0,25,TCGA_WXS_GBM|IDH1
TP53,K7PPA8,TCGA_WXS_GBM,1e-05,0.0,[245 242 241 273 246 249 248 238 250 194 175 275 178 195 179 193 244 281 282 157 271 132 136 158 216 172 130 138 214 156 220 152 205 155 255 127 234 267 164 254 190 213 211 266],10.66844433999735,42.0,107,TCGA_WXS_GBM|TP53
BRAF,P15056,TCGA_WXS_GBM,1e-05,0.0,[600 596],4.543798601534784,6.0,6,TCGA_WXS_GBM|BRAF
PIK3R1,A0A2X0SFG1,TCGA_WXS_GBM,1e-05,0.0,[379 376],4.098640129195403,9.0,18,TCGA_WXS_GBM|PIK3R1
PTEN,F6KD01,TCGA_WXS_GBM,1e-05,0.0,[131 130 132 123  95 129 173  92 165  93 167 170 178 276  71 126 274  90 136  70  36 159 105 177  25 272  15  88 107  47  74  27 101 109 277],3.591492519890893,21.0,68,TCGA_WXS_GBM|PTEN
KRTAP4-6,Q9BYQ5,TCGA_WXS_GBM,1e-05,0.0,[62],3.4733319289999622,5.0,5,TCGA_WXS_GBM|KRTAP4-6
PIK3CA,P42336,TCGA_WXS_GBM,1e-05,0.0,[ 545  546  542   88   90   39   38 1047 1043   93],2.91641289184339,8.0,26,TCGA_WXS_GBM|PIK3CA
TP53,K7PPA8,TCGA_WXS_ESCA,1e-05,0.0,[273 274 242 245 246 241 248 135 134 275 278 175 282 174 176 173 237 272 177 179 195 126 172 193 138 130 216 205 285 168 163 197 143 113],12.470054860018966,48.0,104,TCGA_WXS_ESCA|TP53
NFE2L2,Q16236,TCGA_WXS_ESCA,1e-05,0.0,[79 81 82 29 30 31 24 34],4.349346010029421,8.0,16,TCGA_WXS_ESCA|NFE2L2
CFAP54,Q96N23,TCGA_WXS_ESCA,1e-05,0.0,[1463 1467 1457],3.562043069362,6.0,10,TCGA_WXS_ESCA|CFAP54
PIK3CA,P42336,TCGA_WXS_ESCA,1e-05,0.0,[ 545  546 1043 1047  909],2.676508708653224,6.0,16,TCGA_WXS_ESCA|PIK3CA
KRAS,A0A024RAV5,TCGA_WXS_COADREAD,1e-05,0.0,[12 13 61 59 34],59.6135200787994,185.0,202,TCGA_WXS_COADREAD|KRAS
TP53,K7PPA8,TCGA_WXS_COADREAD,1e-05,0.0,[239 240 273 274 245 236 135 248 250 133 194 238 195 132 282 175 237 173 278 176 272 275 244 179 124 181 130 214 127 285 286 138 234 161 215 141 216 159 143 232 213 205 113 190 162 158 163 211 199],31.33892125328146,119.0,224,TCGA_WXS_COADREAD|TP53
PIK3CA,P42336,TCGA_WXS_COADREAD,1e-05,0.0,[ 545  542  546 1049 1047 1043 1052],22.71724830909228,60.0,126,TCGA_WXS_COADREAD|PIK3CA
NRAS,P01111,TCGA_WXS_COADREAD,1e-05,0.0,[12 13 61],13.429858264564462,29.0,29,TCGA_WXS_COADREAD|NRAS
PCBP1,Q15365,TCGA_WXS_COADREAD,1e-05,0.0,[100 102],11.223979884253575,20.0,21,TCGA_WXS_COADREAD|PCBP1
FBXW7,Q969H0,TCGA_WXS_COADREAD,1e-05,0.0,[465 505 476 479 437 438 582 600 580 520 443],9.301094104087989,24.0,40,TCGA_WXS_COADREAD|FBXW7
BRAF,P15056,TCGA_WXS_COADREAD,1e-05,0.0,[597 600 594],8.658136787553326,15.0,18,TCGA_WXS_COADREAD|BRAF
SMAD4,A0A024R274,TCGA_WXS_COADREAD,1e-05,0.0,[363 351 355 356 361 537 352 532 365 386 324],6.637406198508559,21.0,45,TCGA_WXS_COADREAD|SMAD4
GNAS,A0A0S2Z3H8,TCGA_WXS_COADREAD,1e-05,0.0,[201],3.4354342931119244,6.0,6,TCGA_WXS_COADREAD|GNAS
PIK3CA,P42336,TCGA_WXS_CESC,1e-05,0.0,[545 542 546],25.44681439023946,56.0,85,TCGA_WXS_CESC|PIK3CA
MAPK1,P28482,TCGA_WXS_CESC,1e-05,0.0,[322 135 321],6.8103968411215945,11.0,11,TCGA_WXS_CESC|MAPK1
KRAS,A0A024RAV5,TCGA_WXS_CESC,1e-05,0.0,[13 12 14],5.759628456243876,13.0,16,TCGA_WXS_CESC|KRAS
FBXW7,Q969H0,TCGA_WXS_CESC,1e-05,0.0,[505 479 465],5.75311804258632,12.0,20,TCGA_WXS_CESC|FBXW7
NFE2L2,Q16236,TCGA_WXS_CESC,1e-05,0.0,[79 82 77],4.274378051896078,7.0,11,TCGA_WXS_CESC|NFE2L2
KLF5,Q13887,TCGA_WXS_CESC,1e-05,0.0,[419],3.207754252516513,5.0,6,TCGA_WXS_CESC|KLF5
C3orf70,A6NLC5,TCGA_WXS_CESC,1e-05,0.0,[6],3.010594265043081,4.0,4,TCGA_WXS_CESC|C3orf70
ERBB2,P04626,TCGA_WXS_CESC,1e-05,0.0,[310],2.7013189831561983,6.0,14,TCGA_WXS_CESC|ERBB2
VHL,A0A024R2F2,TCGA_WXS_CCRCC,1e-05,0.0,[136 151 130 133 128 118 117 153 135 131 162  88  82  86  80 111 115 120 158 161  78 114 165  89 121  65 110 188 169 107  74],4.372593484064077,24.0,61,TCGA_WXS_CCRCC|VHL
MTOR,P42345,TCGA_WXS_CCRCC,1e-05,0.0,[1459 1973 2006 1460 1483 1463 1977 1998 1452],3.2679629890279247,8.0,32,TCGA_WXS_CCRCC|MTOR
SETD2,Q9BYW2,TCGA_WXS_CCRCC,1e-05,0.0,[1627 1528 1666 1640 1629 1650 1625 1541],2.731419095791455,5.0,14,TCGA_WXS_CCRCC|SETD2
PIK3CA,P42336,TCGA_WXS_BRCA,1e-05,0.0,[1049 1047 1044 1043  545  542  546  539  345  344 1040 1037  600],60.34778665682555,151.0,360,TCGA_WXS_BRCA|PIK3CA
TP53,K7PPA8,TCGA_WXS_BRCA,1e-05,0.0,[238 194 175 273 237 245 246 195 282 242 133 274 135 275 173 132 281 241 193 176 276 278 272 179 248 250 136 252 161 216 126 130 215 247 285 232 127 270 280 279 286 157 158 205 234 141 258 257 197 287 255 155 113 220 151 289 168 163 199 266 111 265 169 208 107],17.94229585633825,72.0,215,TCGA_WXS_BRCA|TP53
AKT1,B0LPE5,TCGA_WXS_BRCA,1e-05,0.0,[17],12.1317800122008,25.0,27,TCGA_WXS_BRCA|AKT1
SF3B1,O75533,TCGA_WXS_BRCA,1e-05,0.0,[700],5.026321212867393,10.0,18,TCGA_WXS_BRCA|SF3B1
ERBB2,P04626,TCGA_WXS_BRCA,1e-05,0.0,[767 755 769],4.755183231680212,11.0,25,TCGA_WXS_BRCA|ERBB2
PTEN,F6KD01,TCGA_WXS_BRCA,1e-05,0.0,[130 128 126  92 124  93 123 135  10],4.010834444165807,12.0,20,TCGA_WXS_BRCA|PTEN
FOXA1,P55317,TCGA_WXS_BRCA,1e-05,0.0,[226 250 247 259 217 176 266 237 238 256 260 214],3.5708963590663423,10.0,28,TCGA_WXS_BRCA|FOXA1
ZNF665,Q9H7R5,TCGA_WXS_BRCA,1e-05,0.0,[481 483 477],2.863386297329788,4.0,5,TCGA_WXS_BRCA|ZNF665
MAP3K1,Q13233,TCGA_WXS_BRCA,1e-05,0.0,[1437 1489 1433 1434 1432 1491 1441 1419],2.8612959058297944,7.0,27,TCGA_WXS_BRCA|MAP3K1
PIK3CA,P42336,TCGA_WXS_BLCA,1e-05,0.0,[ 545  542  546 1047  956 1049 1043],18.554445300661342,47.0,87,TCGA_WXS_BLCA|PIK3CA
FGFR3,P22607,TCGA_WXS_BLCA,1e-05,0.0,[248 249 373 370 371],15.401594634934952,34.0,63,TCGA_WXS_BLCA|FGFR3
TP53,K7PPA8,TCGA_WXS_BLCA,1e-05,0.0,[241 273 242 246 248 249 245 282 281 280 275 283 285 278 132 277 238 244 279 176 135 271 175 194 287 179 161 257 159 156 158 220 193 218 214 237 259 121 152 219 151 265 139 213 181 105 204 110 141 208 169],14.570083781132936,55.0,155,TCGA_WXS_BLCA|TP53
FBXW7,Q969H0,TCGA_WXS_BLCA,1e-05,0.0,[505 465 479 517 520 546 426],7.222402337379512,15.0,20,TCGA_WXS_BLCA|FBXW7
ERBB2,P04626,TCGA_WXS_BLCA,1e-05,0.0,[310],7.057736846914104,19.0,50,TCGA_WXS_BLCA|ERBB2
KRAS,A0A024RAV5,TCGA_WXS_BLCA,1e-05,0.0,[12 61 13 59],6.159701520796198,14.0,16,TCGA_WXS_BLCA|KRAS
RXRA,F1D8Q5,TCGA_WXS_BLCA,1e-05,0.0,[427],5.875342510242235,13.0,18,TCGA_WXS_BLCA|RXRA
HRAS,P01112,TCGA_WXS_BLCA,1e-05,0.0,[12 13 61],5.498907036237774,13.0,15,TCGA_WXS_BLCA|HRAS
SF3B1,O75533,TCGA_WXS_BLCA,1e-05,0.0,[902 862 903 860 897],4.859566602134968,10.0,20,TCGA_WXS_BLCA|SF3B1
NFE2L2,Q16236,TCGA_WXS_BLCA,1e-05,0.0,[31 79 80 81 82 34 29 24],4.738798096680526,11.0,25,TCGA_WXS_BLCA|NFE2L2
CREBBP,Q92793,TCGA_WXS_BLCA,1e-05,0.0,[1484 1434 1436 1435 1687 1664],4.308101072214529,9.0,24,TCGA_WXS_BLCA|CREBBP
GNA13,A0A024R8M0,TCGA_WXS_BLCA,1e-05,0.0,[ 58 200],4.248230043187574,8.0,9,TCGA_WXS_BLCA|GNA13
ERCC2,P18074,TCGA_WXS_BLCA,1e-05,0.0,[ 75 238 659  74 209  72  80 607],4.223995833575867,13.0,30,TCGA_WXS_BLCA|ERCC2
C3orf70,A6NLC5,TCGA_WXS_BLCA,1e-05,0.0,[6],3.881935380409853,8.0,14,TCGA_WXS_BLCA|C3orf70
SCEL,O95171,TCGA_WXS_BLCA,1e-05,0.0,[187 189],3.240174351869476,4.0,5,TCGA_WXS_BLCA|SCEL
CUL1,A0A090N7U0,TCGA_WXS_BLCA,1e-05,0.0,[483 485],2.9149016732563595,7.0,16,TCGA_WXS_BLCA|CUL1
AHR,A0A024R9Z8,TCGA_WXS_BLCA,1e-05,0.0,[383],2.7316511027661234,7.0,19,TCGA_WXS_BLCA|AHR
DIAPH2,O60879,TCGA_WXS_BLCA,1e-05,0.0,[ 280  284  335 1059],2.6281879466701645,6.0,18,TCGA_WXS_BLCA|DIAPH2
NCAPH,Q15003,TCGA_WXS_AML,1e-05,0.0,[530],3.3462072581543465,4.0,4,TCGA_WXS_AML|NCAPH
IDH2,P48735,TCGA_WXS_AML,1e-05,0.0,[140],2.7295324221097723,6.0,8,TCGA_WXS_AML|IDH2
CTNNB1,A0A024R2Q3,TCGA_WXS_ACC,1e-05,0.0,[45],2.9687460714975957,6.0,10,TCGA_WXS_ACC|CTNNB1
TP53,K7PPA8,TARGET_WXS_OS_2020,1e-05,0.0,[273 278 281 282 133 275],4.122154021925182,9.0,13,TARGET_WXS_OS_2020|TP53
NDUFS1,E5KRK5,TARGET_WXS_OS_2020,1e-05,0.0,[623],3.024491434123803,5.0,5,TARGET_WXS_OS_2020|NDUFS1
NRAS,P01111,TARGET_WXS_AML_2020,1e-05,0.0,[13 12 61],3.575224740904776,7.0,7,TARGET_WXS_AML_2020|NRAS
RIMS4,Q9H426,TARGET_WGS_NBL_US,1e-05,0.0,[85],5.445991056157511,10.0,10,TARGET_WGS_NBL_US|RIMS4
ALK,Q9UM73,TARGET_WGS_NBL_US,1e-05,0.0,[1240 1174 1245 1275],5.235294892389989,10.0,17,TARGET_WGS_NBL_US|ALK
PTPN11,Q06124,TARGET_WGS_NBL_US,1e-05,0.0,[ 72  76  61 461 258],3.2154945711604177,6.0,7,TARGET_WGS_NBL_US|PTPN11
CTNNB1,A0A024R2Q3,STJUDE_WGS_D_MB_2018,1e-05,0.0,[33 32 34],3.032356192473031,4.0,4,STJUDE_WGS_D_MB_2018|CTNNB1
NRAS,P01111,STJUDE_WGS_D_ALL_2018,1e-05,0.0,[60 12 13 61],14.953761020867422,31.0,32,STJUDE_WGS_D_ALL_2018|NRAS
KRAS,A0A024RAV5,STJUDE_WGS_D_ALL_2018,1e-05,0.0,[60 12 13 58 18],9.836007137314828,28.0,37,STJUDE_WGS_D_ALL_2018|KRAS
NSD2,O96028,STJUDE_WGS_D_ALL_2018,1e-05,0.0,[1125 1099],8.951974336080884,12.0,12,STJUDE_WGS_D_ALL_2018|NSD2
PTPN11,Q06124,STJUDE_WGS_D_ALL_2018,1e-05,0.0,[ 72 503  73  76 504  61],4.504936398305855,9.0,12,STJUDE_WGS_D_ALL_2018|PTPN11
KRTAP4-5,Q9BYR2,PEDCBIOP_WXS_WT_PRY,1e-05,0.0,[84 83 82 87],5.22183733419734,8.0,8,PEDCBIOP_WXS_WT_PRY|KRTAP4-5
DGCR8,Q8WYQ5,PEDCBIOP_WXS_WT_PRY,1e-05,0.0,[518],3.196468767328727,4.0,4,PEDCBIOP_WXS_WT_PRY|DGCR8
CTNNB1,A0A024R2Q3,PEDCBIOP_WXS_MBL_WNT_PRY,1e-05,0.0,[34 33 32 37],7.180961541648705,13.0,14,PEDCBIOP_WXS_MBL_WNT_PRY|CTNNB1
SMO,Q99835,PEDCBIOP_WXS_MBL_SHH_PRY,1e-05,0.0,[412 411 416],3.841979700921163,5.0,5,PEDCBIOP_WXS_MBL_SHH_PRY|SMO
HLA-DQA1,A0A173ADG5,PEDCBIOP_WXS_MBL_GP4_PRY,1e-05,0.0,[92 87 89],7.324797475207091,12.0,12,PEDCBIOP_WXS_MBL_GP4_PRY|HLA-DQA1
KMT2C,Q8NEZ4,PEDCBIOP_WXS_MBL_GP4_PRY,1e-05,0.0,[1636],3.6518989392386674,5.0,8,PEDCBIOP_WXS_MBL_GP4_PRY|KMT2C
TBR1,Q16650,PEDCBIOP_WXS_MBL_GP4_PRY,1e-05,0.0,[275],3.3656827937593894,4.0,4,PEDCBIOP_WXS_MBL_GP4_PRY|TBR1
CTNNB1,A0A024R2Q3,PEDCBIOP_WXS_MBL_BROAD_2012,1e-05,0.0,[34 32 33 37],3.7618875923036383,6.0,6,PEDCBIOP_WXS_MBL_BROAD_2012|CTNNB1
H3-3A,B2R4P9,PEDCBIOP_WXS_HGG_PRY,1e-05,0.0,[28],14.937598162486358,40.0,48,PEDCBIOP_WXS_HGG_PRY|H3-3A
TP53,K7PPA8,PEDCBIOP_WXS_HGG_PRY,1e-05,0.0,[249 241 248 273 245 272 176 173 175 135 179 237 193 163],7.354265585545823,23.0,40,PEDCBIOP_WXS_HGG_PRY|TP53
H3C2,P68431,PEDCBIOP_WXS_HGG_PRY,1e-05,0.0,[28],5.266569776990108,10.0,10,PEDCBIOP_WXS_HGG_PRY|H3C2
BRAF,P15056,PEDCBIOP_WXS_HGG_PRY,1e-05,0.0,[600],3.114421730675556,4.0,4,PEDCBIOP_WXS_HGG_PRY|BRAF
ACVR1,D3DPA4,PEDCBIOP_WXS_HGG_PRY,1e-05,0.0,[328],2.993457367420847,7.0,12,PEDCBIOP_WXS_HGG_PRY|ACVR1
HLA-DQB1,Q5Y7D6,PEDCBIOP_WXS_BLY_PRY,1e-05,0.0,[121 116 117 118],4.612608588850402,7.0,7,PEDCBIOP_WXS_BLY_PRY|HLA-DQB1
SMARCA4,P51532,PEDCBIOP_WXS_BLY_PRY,1e-05,0.0,[ 973 1232  974 1243],3.5373732453834497,5.0,7,PEDCBIOP_WXS_BLY_PRY|SMARCA4
NRAS,P01111,PEDCBIOP_WXS_AML_PRY,1e-05,0.0,[13 12 61],3.5457597374490004,7.0,7,PEDCBIOP_WXS_AML_PRY|NRAS
TP53,K7PPA8,PCAWG_WGS_UTERUS_ADENOCA,1e-05,0.0,[273 239 248 241 249 135 282 175 141],4.318363048881972,13.0,23,PCAWG_WGS_UTERUS_ADENOCA|TP53
PTEN,F6KD01,PCAWG_WGS_UTERUS_ADENOCA,1e-05,0.0,[132 127 124 130 152],3.630961432671801,8.0,10,PCAWG_WGS_UTERUS_ADENOCA|PTEN
BRAF,P15056,PCAWG_WGS_THY_ADENOCA,1e-05,0.0,[600],6.645469300819365,10.0,10,PCAWG_WGS_THY_ADENOCA|BRAF
BRAF,P15056,PCAWG_WGS_SKIN_MELANOMA,1e-05,0.0,[597 601 600 574],30.606191815908986,48.0,55,PCAWG_WGS_SKIN_MELANOMA|BRAF
NRAS,P01111,PCAWG_WGS_SKIN_MELANOMA,1e-05,0.0,[12 61],11.299667967939484,24.0,24,PCAWG_WGS_SKIN_MELANOMA|NRAS
POM121L2,Q96KW2,PCAWG_WGS_SKIN_MELANOMA,1e-05,0.0,[290 289],2.8396801714897104,5.0,16,PCAWG_WGS_SKIN_MELANOMA|POM121L2
SPOP,O43791,PCAWG_WGS_PROST_ADENOCA,1e-05,0.0,[ 87 131 133 136 102],6.965154697503373,13.0,13,PCAWG_WGS_PROST_ADENOCA|SPOP
MED12,Q93074,PCAWG_WGS_PROST_ADENOCA,1e-05,0.0,[1224 1220],3.130708361108669,4.0,5,PCAWG_WGS_PROST_ADENOCA|MED12
KRAS,A0A024RAV5,PCAWG_WGS_PANC_ADENOCA,1e-05,0.0,[12 61 13],79.4779520590512,192.0,192,PCAWG_WGS_PANC_ADENOCA|KRAS
TP53,K7PPA8,PCAWG_WGS_PANC_ADENOCA,1e-05,0.0,[273 134 135 274 251 132 241 248 249 242 272 282 245 281 246 238 278 175 176 173 195 179 237 161 130 181 214 196 159 216 215 157 217 205 197 141 162],9.745181758829656,44.0,99,PCAWG_WGS_PANC_ADENOCA|TP53
ESX1,Q8N693,PCAWG_WGS_PANC_ADENOCA,1e-05,0.0,[338 339],4.7597946391391455,7.0,8,PCAWG_WGS_PANC_ADENOCA|ESX1
GNAS,A0A0S2Z3H8,PCAWG_WGS_PANC_ADENOCA,1e-05,0.0,[201],4.424639889439785,8.0,8,PCAWG_WGS_PANC_ADENOCA|GNAS
SMAD4,A0A024R274,PCAWG_WGS_PANC_ADENOCA,1e-05,0.0,[351 352 361 386 365],3.215992767856381,10.0,21,PCAWG_WGS_PANC_ADENOCA|SMAD4
TP53,K7PPA8,PCAWG_WGS_OVARY_ADENOCA,1e-05,0.0,[273 274 241 249 248 135 245 275 134 237 272 132 282 175 278 176 179 138 195 161 193 172 130 163 168 286 255],7.850709560320056,30.0,65,PCAWG_WGS_OVARY_ADENOCA|TP53
EZH2,A0A090N8E9,PCAWG_WGS_LYMPH_BNHL,1e-05,0.0,[646],7.164427427208242,12.0,13,PCAWG_WGS_LYMPH_BNHL|EZH2
CREBBP,Q92793,PCAWG_WGS_LYMPH_BNHL,1e-05,0.0,[1502 1499 1503 1436 1434 1482 1483 1491 1488],6.160414385169859,10.0,21,PCAWG_WGS_LYMPH_BNHL|CREBBP
FOXO1,Q12778,PCAWG_WGS_LYMPH_BNHL,1e-05,0.0,[24 22 21 26],5.180107097652702,8.0,10,PCAWG_WGS_LYMPH_BNHL|FOXO1
TP53,K7PPA8,PCAWG_WGS_LYMPH_BNHL,1e-05,0.0,[273 248 249 241 236 245 281 139 141 172],3.761333887542628,11.0,19,PCAWG_WGS_LYMPH_BNHL|TP53
SMARCA4,P51532,PCAWG_WGS_LYMPH_BNHL,1e-05,0.0,[ 973 1232  974 1243],3.7030823820873295,6.0,10,PCAWG_WGS_LYMPH_BNHL|SMARCA4
STAT6,P42226,PCAWG_WGS_LYMPH_BNHL,1e-05,0.0,[416 417 419 519 523],3.0941384338166724,6.0,12,PCAWG_WGS_LYMPH_BNHL|STAT6
GNAI2,P04899,PCAWG_WGS_LYMPH_BNHL,1e-05,0.0,[180 182 179],3.0452281918252626,6.0,8,PCAWG_WGS_LYMPH_BNHL|GNAI2
NFE2L2,Q16236,PCAWG_WGS_LUNG_SCC,1e-05,0.0,[31 34 29 26 24],8.951564367824448,15.0,19,PCAWG_WGS_LUNG_SCC|NFE2L2
TP53,K7PPA8,PCAWG_WGS_LUNG_SCC,1e-05,0.0,[175 242 245 244 179 193 249 195 248 190 163],4.577754484744439,14.0,28,PCAWG_WGS_LUNG_SCC|TP53
PIK3CA,P42336,PCAWG_WGS_LUNG_SCC,1e-05,0.0,[542 545 538],3.3444527009551077,6.0,8,PCAWG_WGS_LUNG_SCC|PIK3CA
KRAS,A0A024RAV5,PCAWG_WGS_LUNG_ADENOCA,1e-05,0.0,[12],3.1059132397048086,7.0,7,PCAWG_WGS_LUNG_ADENOCA|KRAS
CTNNB1,A0A024R2Q3,PCAWG_WGS_LIVER_HCC,1e-05,0.0,[34 35 36 33 32 37 41 45 29],20.05558808690126,45.0,80,PCAWG_WGS_LIVER_HCC|CTNNB1
NFE2L2,Q16236,PCAWG_WGS_LIVER_HCC,1e-05,0.0,[79 81 82 77 31 29 28 27],4.396440688031465,7.0,12,PCAWG_WGS_LIVER_HCC|NFE2L2
PCF11,O94913,PCAWG_WGS_LIVER_HCC,1e-05,0.0,[590 591 592],4.083574136360163,4.0,4,PCAWG_WGS_LIVER_HCC|PCF11
TP53,K7PPA8,PCAWG_WGS_LIVER_HCC,1e-05,0.0,[193 195 161 214 215 216 173 174 213 237 236 241 157 232 205 274 273 259 248 245 234 282 257 212 242 220 176 190 143 267 244 126 253 266 254 124 130 151 163 179 113 144 279 286 280],3.772876138969549,19.0,64,PCAWG_WGS_LIVER_HCC|TP53
ADGRV1,Q8WXG9,PCAWG_WGS_LIVER_HCC,1e-05,0.0,[4503 4500 4501 4504],3.5034736243803493,7.0,24,PCAWG_WGS_LIVER_HCC|ADGRV1
KRTAP5-11,Q6L8G4,PCAWG_WGS_LIVER_HCC,1e-05,0.0,[24],3.4566982299926363,5.0,5,PCAWG_WGS_LIVER_HCC|KRTAP5-11
EFCAB13,Q8IY85,PCAWG_WGS_LIVER_HCC,1e-05,0.0,[319 318 322],2.9372375822678105,4.0,5,PCAWG_WGS_LIVER_HCC|EFCAB13
PIK3CA,P42336,PCAWG_WGS_HEAD_SCC,1e-05,0.0,[545 546 542],5.04484975353456,9.0,11,PCAWG_WGS_HEAD_SCC|PIK3CA
TP53,K7PPA8,PCAWG_WGS_HEAD_SCC,1e-05,0.0,[175 237 195 193 179 244],3.8233131049524,11.0,19,PCAWG_WGS_HEAD_SCC|TP53
TP53,K7PPA8,PCAWG_WGS_ESO_ADENOCA,1e-05,0.0,[245 241 273 249 242 248 176 175 194 244 179 135 173 134 236 275 132 282 276 215 270],10.38609524443941,30.0,54,PCAWG_WGS_ESO_ADENOCA|TP53
PIK3CA,P42336,PCAWG_WGS_ESO_ADENOCA,1e-05,0.0,[542 545],2.9564525536002018,5.0,7,PCAWG_WGS_ESO_ADENOCA|PIK3CA
SMAD4,A0A024R274,PCAWG_WGS_ESO_ADENOCA,1e-05,0.0,[361 356 351],2.8379345797205198,7.0,12,PCAWG_WGS_ESO_ADENOCA|SMAD4
KRAS,A0A024RAV5,PCAWG_WGS_COLORECT_ADENOCA,1e-05,0.0,[12 13],6.102996486801836,17.0,21,PCAWG_WGS_COLORECT_ADENOCA|KRAS
IDH1,A0A024R3Y6,PCAWG_WGS_CNS_OLIGO,1e-05,0.0,[132],7.797562839935908,16.0,16,PCAWG_WGS_CNS_OLIGO|IDH1
SMO,Q99835,PCAWG_WGS_CNS_MEDULLO,1e-05,0.0,[416 412 411],3.7235912867015712,6.0,8,PCAWG_WGS_CNS_MEDULLO|SMO
EGFR,P00533,PCAWG_WGS_CNS_GBM,1e-05,0.0,[108 289],3.4414698207516814,8.0,21,PCAWG_WGS_CNS_GBM|EGFR
PIK3CA,P42336,PCAWG_WGS_BREAST_ADENOCA,1e-05,0.0,[1047  545  542  546  548],9.278315550130316,23.0,44,PCAWG_WGS_BREAST_ADENOCA|PIK3CA
TP53,K7PPA8,PCAWG_WGS_BREAST_ADENOCA,1e-05,0.0,[245 238 195 237 175 193 273 241 176 216 179 161 248 215 172 205 157 234 282 132 208 163 278],4.006408334467675,17.0,50,PCAWG_WGS_BREAST_ADENOCA|TP53
TP53,K7PPA8,PCAWG_WGS_BONE_OSTEOSARC,1e-05,0.0,[275 273 276 281 135 248 238],3.3324849227149422,7.0,10,PCAWG_WGS_BONE_OSTEOSARC|TP53
ZNF716,A6NP11,OTHER_WXS_NPC_NATCOM2017,1e-05,0.0,[294 297],6.012706383732032,10.0,12,OTHER_WXS_NPC_NATCOM2017|ZNF716
ZNF91,Q05481,OTHER_WXS_NPC_NATCOM2017,1e-05,0.0,[353],4.545938135457814,9.0,20,OTHER_WXS_NPC_NATCOM2017|ZNF91
ZNF721,Q8TF20,OTHER_WXS_NPC_NATCOM2017,1e-05,0.0,[856 861 296 297 301],4.244547951722974,8.0,16,OTHER_WXS_NPC_NATCOM2017|ZNF721
ZNF626,Q68DY1,OTHER_WXS_NPC_NATCOM2017,1e-05,0.0,[198],3.735115447608066,10.0,25,OTHER_WXS_NPC_NATCOM2017|ZNF626
FAM47C,Q5HY64,OTHER_WXS_NPC_NATCOM2017,1e-05,0.0,[225],3.516758180282108,5.0,6,OTHER_WXS_NPC_NATCOM2017|FAM47C
ZNF93,P35789,OTHER_WXS_NPC_NATCOM2017,1e-05,0.0,[533],3.283516120074701,7.0,14,OTHER_WXS_NPC_NATCOM2017|ZNF93
ZNF208,O43345,OTHER_WXS_NPC_NATCOM2017,1e-05,0.0,[1196],3.162608592925871,8.0,32,OTHER_WXS_NPC_NATCOM2017|ZNF208
ZNF680,Q8NEM1,OTHER_WXS_NPC_NATCOM2017,1e-05,0.0,[339 342],2.714794469069751,6.0,13,OTHER_WXS_NPC_NATCOM2017|ZNF680
ZNF737,O75373,OTHER_WXS_NPC_NATCOM2017,1e-05,0.0,[252],2.637589840179956,6.0,13,OTHER_WXS_NPC_NATCOM2017|ZNF737
ALK,Q9UM73,OTHER_WXS_NBL_SCIENCE_COLOGNE_2018,1e-05,0.0,[1170 1275 1174 1245],3.389156064661931,5.0,6,OTHER_WXS_NBL_SCIENCE_COLOGNE_2018|ALK
NRAS,P01111,OTHER_WXS_AML_PRY_BEAT_2018,1e-05,0.0,[12 13 61],11.252292847098106,24.0,24,OTHER_WXS_AML_PRY_BEAT_2018|NRAS
DNMT3A,Q9Y6K1,OTHER_WXS_AML_PRY_BEAT_2018,1e-05,0.0,[882 879],10.56752561496882,19.0,26,OTHER_WXS_AML_PRY_BEAT_2018|DNMT3A
SRSF2,A0A024R8U5,OTHER_WXS_AML_PRY_BEAT_2018,1e-05,0.0,[95],8.491317027345069,16.0,16,OTHER_WXS_AML_PRY_BEAT_2018|SRSF2
KMT2C,Q8NEZ4,OTHER_WXS_AML_PRY_BEAT_2018,1e-05,0.0,[380 309 315],8.272254313282437,12.0,15,OTHER_WXS_AML_PRY_BEAT_2018|KMT2C
IDH2,P48735,OTHER_WXS_AML_PRY_BEAT_2018,1e-05,0.0,[140],7.937533961751063,21.0,30,OTHER_WXS_AML_PRY_BEAT_2018|IDH2
IDH1,A0A024R3Y6,OTHER_WXS_AML_PRY_BEAT_2018,1e-05,0.0,[132],7.781417724194642,16.0,16,OTHER_WXS_AML_PRY_BEAT_2018|IDH1
SF3B1,O75533,OTHER_WXS_AML_PRY_BEAT_2018,1e-05,0.0,[662 666 700],6.734239372960744,10.0,10,OTHER_WXS_AML_PRY_BEAT_2018|SF3B1
BCLAF1,Q9NYF8,OTHER_WXS_AML_PRY_BEAT_2018,1e-05,0.0,[750 758],6.427654081158438,11.0,22,OTHER_WXS_AML_PRY_BEAT_2018|BCLAF1
NBPF12,Q5TAG4,OTHER_WXS_AML_PRY_BEAT_2018,1e-05,0.0,[159],6.127186270554691,7.0,7,OTHER_WXS_AML_PRY_BEAT_2018|NBPF12
FLT3,P36888,OTHER_WXS_AML_PRY_BEAT_2018,1e-05,0.0,[839 835 841],6.068573541419584,12.0,18,OTHER_WXS_AML_PRY_BEAT_2018|FLT3
TUBB8,Q3ZCM7,OTHER_WXS_AML_PRY_BEAT_2018,1e-05,0.0,[105],6.0386480194692265,12.0,12,OTHER_WXS_AML_PRY_BEAT_2018|TUBB8
CDC27,P30260,OTHER_WXS_AML_PRY_BEAT_2018,1e-05,0.0,[265 274],4.793546009578487,10.0,17,OTHER_WXS_AML_PRY_BEAT_2018|CDC27
PTPN11,Q06124,OTHER_WXS_AML_PRY_BEAT_2018,1e-05,0.0,[ 72 503 502  76  61 285  60],4.517541168313136,9.0,13,OTHER_WXS_AML_PRY_BEAT_2018|PTPN11
OR5H14,A6NHG9,OTHER_WXS_AML_PRY_BEAT_2018,1e-05,0.0,[143],4.506514768716231,9.0,9,OTHER_WXS_AML_PRY_BEAT_2018|OR5H14
HCAR3,P49019,OTHER_WXS_AML_PRY_BEAT_2018,1e-05,0.0,[317],4.462574018769748,10.0,14,OTHER_WXS_AML_PRY_BEAT_2018|HCAR3
RUNX1,Q01196,OTHER_WXS_AML_PRY_BEAT_2018,1e-05,0.0,[ 80 135 174 171 139],4.450564319652903,9.0,14,OTHER_WXS_AML_PRY_BEAT_2018|RUNX1
ZC3H3,Q8IXZ2,OTHER_WXS_AML_PRY_BEAT_2018,1e-05,0.0,[452],4.322649064285391,5.0,5,OTHER_WXS_AML_PRY_BEAT_2018|ZC3H3
KLRC2,P26717,OTHER_WXS_AML_PRY_BEAT_2018,1e-05,0.0,[19],4.1204754092398215,8.0,8,OTHER_WXS_AML_PRY_BEAT_2018|KLRC2
POM121,Q96HA1,OTHER_WXS_AML_PRY_BEAT_2018,1e-05,0.0,[971],3.957104139493661,4.0,4,OTHER_WXS_AML_PRY_BEAT_2018|POM121
FRG2B,Q96QU4,OTHER_WXS_AML_PRY_BEAT_2018,1e-05,0.0,[9],3.6054210981480734,5.0,5,OTHER_WXS_AML_PRY_BEAT_2018|FRG2B
VARS1,A0A024RCN6,OTHER_WXS_AML_PRY_BEAT_2018,1e-05,0.0,[51],3.492166723814209,5.0,5,OTHER_WXS_AML_PRY_BEAT_2018|VARS1
MUC5AC,P98088,OTHER_WXS_AML_PRY_BEAT_2018,1e-05,0.0,[5353],3.4214782215057675,4.0,5,OTHER_WXS_AML_PRY_BEAT_2018|MUC5AC
USP31,Q70CQ4,OTHER_WXS_AML_PRY_BEAT_2018,1e-05,0.0,[931],3.4130774132828736,4.0,4,OTHER_WXS_AML_PRY_BEAT_2018|USP31
AHNAK2,Q8IVF2,OTHER_WXS_AML_PRY_BEAT_2018,1e-05,0.0,[1822],3.379982354754541,4.0,8,OTHER_WXS_AML_PRY_BEAT_2018|AHNAK2
POTEC,B2RU33,OTHER_WXS_AML_PRY_BEAT_2018,1e-05,0.0,[477],3.327720967834057,5.0,5,OTHER_WXS_AML_PRY_BEAT_2018|POTEC
HTT,P42858,OTHER_WXS_AML_PRY_BEAT_2018,1e-05,0.0,[2309],3.3166407126047552,4.0,4,OTHER_WXS_AML_PRY_BEAT_2018|HTT
GATA2,P23769,OTHER_WXS_AML_PRY_BEAT_2018,1e-05,0.0,[318 317 320 306],3.1970885074354563,5.0,8,OTHER_WXS_AML_PRY_BEAT_2018|GATA2
RASIP1,Q5U651,OTHER_WXS_AML_PRY_BEAT_2018,1e-05,0.0,[601],3.0399608919074383,4.0,4,OTHER_WXS_AML_PRY_BEAT_2018|RASIP1
JAK2,O60674,OTHER_WXS_AML_PRY_BEAT_2018,1e-05,0.0,[617],3.020653918971543,5.0,6,OTHER_WXS_AML_PRY_BEAT_2018|JAK2
NBPF1,Q3BBV0,OTHER_WXS_AML_PRY_BEAT_2018,1e-05,0.0,[693],2.819823701592252,6.0,23,OTHER_WXS_AML_PRY_BEAT_2018|NBPF1
U2AF1,Q01081,OTHER_WXS_AML_PRY_BEAT_2018,1e-05,0.0,[ 34 157 156 154],2.786053125773105,8.0,15,OTHER_WXS_AML_PRY_BEAT_2018|U2AF1
HSD17B1,P14061,OTHER_WXS_AML_PRY_BEAT_2018,1e-05,0.0,[313],2.7714840795249027,5.0,5,OTHER_WXS_AML_PRY_BEAT_2018|HSD17B1
NPEPPS,P55786,OTHER_WXS_AML_PRY_BEAT_2018,0.0001,0.0098939393939393,[433],2.6940904392968568,4.0,4,OTHER_WXS_AML_PRY_BEAT_2018|NPEPPS
SPOP,O43791,OTHER_WGS_PRAD_CPGEA_2021,1e-05,0.0,[131  87 133 117 134  80 102 129 125],10.873647657457646,24.0,27,OTHER_WGS_PRAD_CPGEA_2021|SPOP
FOXA1,P55317,OTHER_WGS_PRAD_CPGEA_2021,1e-05,0.0,[226 250 266 247 253 254 261 262 256],7.15656825542255,15.0,26,OTHER_WGS_PRAD_CPGEA_2021|FOXA1
KRTAP4-7,Q9BYR0,OTHER_WGS_PRAD_CPGEA_2021,1e-05,0.0,[113],5.891811301196167,9.0,9,OTHER_WGS_PRAD_CPGEA_2021|KRTAP4-7
NACAD,O15069,OTHER_WGS_PRAD_CPGEA_2021,1e-05,0.0,[673],3.926331274846545,4.0,4,OTHER_WGS_PRAD_CPGEA_2021|NACAD
MED12,Q93074,OTHER_WGS_PRAD_CPGEA_2021,1e-05,0.0,[1224 1218],3.6065217655232527,4.0,4,OTHER_WGS_PRAD_CPGEA_2021|MED12
SUPT20HL1,A0A7I2YQ69,OTHER_WGS_PRAD_CPGEA_2021,1e-05,0.0,[526],3.510303114617545,4.0,4,OTHER_WGS_PRAD_CPGEA_2021|SUPT20HL1
CTNNB1,A0A024R2Q3,OTHER_WGS_PRAD_CPGEA_2021,1e-05,0.0,[32 34],3.146380645235765,5.0,6,OTHER_WGS_PRAD_CPGEA_2021|CTNNB1
GBP4,Q96PP9,OTHER_WGS_PLMESO_MESOMICS_2016,1e-05,0.0,[542 541],3.6629453610649,7.0,10,OTHER_WGS_PLMESO_MESOMICS_2016|GBP4
CFHR1,Q03591,OTHER_WGS_PLMESO_MESOMICS_2016,1e-05,0.0,[159 175 157],3.248388402510242,5.0,5,OTHER_WGS_PLMESO_MESOMICS_2016|CFHR1
CTNNB1,A0A024R2Q3,OTHER_WGS_PBCA_DE_PIA,1e-05,0.0,[34 33 32 37],14.678368601473412,27.0,28,OTHER_WGS_PBCA_DE_PIA|CTNNB1
FAM174B,Q3ZCQ3,OTHER_WGS_PBCA_DE_PIA,1e-05,0.0,[68],8.074395286671564,14.0,14,OTHER_WGS_PBCA_DE_PIA|FAM174B
HLA-DQA1,A0A173ADG5,OTHER_WGS_PBCA_DE_PIA,1e-05,0.0,[87 92 89 98 84 99],6.495162238542823,14.0,19,OTHER_WGS_PBCA_DE_PIA|HLA-DQA1
GBP4,Q96PP9,OTHER_WGS_PBCA_DE_PIA,1e-05,0.0,[545 546 541 542],6.444292763135536,9.0,9,OTHER_WGS_PBCA_DE_PIA|GBP4
SMO,Q99835,OTHER_WGS_PBCA_DE_PIA,1e-05,0.0,[416 412 411],5.084311141440836,8.0,10,OTHER_WGS_PBCA_DE_PIA|SMO
TIPIN,Q9BVW5,OTHER_WGS_PBCA_DE_PIA,1e-05,0.0,[142],4.569447152811493,7.0,7,OTHER_WGS_PBCA_DE_PIA|TIPIN
BRAF,P15056,OTHER_WGS_PBCA_DE_PIA,1e-05,0.0,[600],4.445831228855821,7.0,8,OTHER_WGS_PBCA_DE_PIA|BRAF
H3-3A,B2R4P9,OTHER_WGS_PBCA_DE_PIA,1e-05,0.0,[28 35],4.163790458817276,14.0,24,OTHER_WGS_PBCA_DE_PIA|H3-3A
SMARCA4,P51532,OTHER_WGS_PBCA_DE_PIA,1e-05,0.0,[781 912 910 882 783],4.015551849184926,7.0,14,OTHER_WGS_PBCA_DE_PIA|SMARCA4
HLA-DQB1,Q5Y7D6,OTHER_WGS_PBCA_DE_PIA,1e-05,0.0,[103 109 106  98 107  99  79],3.824470387208698,10.0,13,OTHER_WGS_PBCA_DE_PIA|HLA-DQB1
IDH1,A0A024R3Y6,OTHER_WGS_PBCA_DE_PIA,1e-05,0.0,[132],3.6801084390843264,7.0,7,OTHER_WGS_PBCA_DE_PIA|IDH1
TBR1,Q16650,OTHER_WGS_PBCA_DE_PIA,1e-05,0.0,[275],3.358349809998081,4.0,4,OTHER_WGS_PBCA_DE_PIA|TBR1
KMT2D,O14686,OTHER_WGS_PBCA_DE_PIA,1e-05,0.0,[5048 5062],3.256617733270226,4.0,7,OTHER_WGS_PBCA_DE_PIA|KMT2D
SIRPA,P78324,OTHER_WGS_PBCA_DE_PIA,1e-05,0.0,[52 54 44],3.014573334472366,6.0,8,OTHER_WGS_PBCA_DE_PIA|SIRPA
TP53,K7PPA8,OTHER_WGS_PBCA_DE_PIA,1e-05,0.0,[273 275 272 282],2.7479660959494634,9.0,25,OTHER_WGS_PBCA_DE_PIA|TP53
CTNNB1,A0A024R2Q3,OTHER_WGS_PBCA_DE_MB,1e-05,0.0,[34 32 33 37],12.437415798318844,23.0,24,OTHER_WGS_PBCA_DE_MB|CTNNB1
FAM174B,Q3ZCQ3,OTHER_WGS_PBCA_DE_MB,1e-05,0.0,[68],3.760189861522844,6.0,6,OTHER_WGS_PBCA_DE_MB|FAM174B
SMARCA4,P51532,OTHER_WGS_PBCA_DE_MB,1e-05,0.0,[912 910 781 882],2.828114974624625,4.0,6,OTHER_WGS_PBCA_DE_MB|SMARCA4
NRAS,P01111,OTHER_WGS_MM_NATLEUK2018,1e-05,0.0,[12 13 61 59 62 64 86],81.87568365344781,205.0,216,OTHER_WGS_MM_NATLEUK2018|NRAS
KRAS,A0A024RAV5,OTHER_WGS_MM_NATLEUK2018,1e-05,0.0,[ 12  61  59  62  13  14  64  16  34 146  19 117],68.26204128833267,226.0,265,OTHER_WGS_MM_NATLEUK2018|KRAS
BRAF,P15056,OTHER_WGS_MM_NATLEUK2018,1e-05,0.0,[597 596 600 501 601 594 466 469],27.95948076157615,53.0,68,OTHER_WGS_MM_NATLEUK2018|BRAF
PTPN11,Q06124,OTHER_WGS_MM_NATLEUK2018,1e-05,0.0,[503  72  76 502  61 507  60],9.258286283406225,19.0,22,OTHER_WGS_MM_NATLEUK2018|PTPN11
IGLL5,B9A064,OTHER_WGS_MM_NATLEUK2018,1e-05,0.0,[ 43  44  45  42 104 106 103  29  30 101 102  28  27  54  26  55  52  56  37  53  31  25 107 109  38  58  46  33 100  24  32  39  50  36  99  23],7.456834617075106,36.0,167,OTHER_WGS_MM_NATLEUK2018|IGLL5
BMP2K,Q9NSY1,OTHER_WGS_MM_NATLEUK2018,1e-05,0.0,[486 487],7.182494737002411,11.0,15,OTHER_WGS_MM_NATLEUK2018|BMP2K
DIS3,Q9Y2L1,OTHER_WGS_MM_NATLEUK2018,1e-05,0.0,[488 479 477 779 784 667 550 780 508 531 773 675 775 689 544 541 764 790 676 789 662],6.422518413270408,26.0,97,OTHER_WGS_MM_NATLEUK2018|DIS3
MAX,P61244,OTHER_WGS_MM_NATLEUK2018,1e-05,0.0,[35 31 36 38 29],6.29753716310807,17.0,24,OTHER_WGS_MM_NATLEUK2018|MAX
RPL10,X5D2T3,OTHER_WGS_MM_NATLEUK2018,1e-05,0.0,[70 66 73 33],5.625938120392648,12.0,13,OTHER_WGS_MM_NATLEUK2018|RPL10
IRF4,Q15306,OTHER_WGS_MM_NATLEUK2018,1e-05,0.0,[121 123 117],5.371962306070918,13.0,20,OTHER_WGS_MM_NATLEUK2018|IRF4
KLHL6,Q8WZ60,OTHER_WGS_MM_NATLEUK2018,1e-05,0.0,[69 72 85 70 86 65 73 64 83 88 93 81],5.031018485674252,13.0,27,OTHER_WGS_MM_NATLEUK2018|KLHL6
EFTUD2,Q15029,OTHER_WGS_MM_NATLEUK2018,1e-05,0.0,[730],5.007204706011417,8.0,8,OTHER_WGS_MM_NATLEUK2018|EFTUD2
PANK3,Q9H999,OTHER_WGS_MM_NATLEUK2018,1e-05,0.0,[301],4.629407940409536,9.0,9,OTHER_WGS_MM_NATLEUK2018|PANK3
TGFB1,A0A499FJK2,OTHER_WGS_MM_NATLEUK2018,1e-05,0.0,[29 30],4.454078840423493,7.0,7,OTHER_WGS_MM_NATLEUK2018|TGFB1
SIGLEC10,Q96LC7,OTHER_WGS_MM_NATLEUK2018,1e-05,0.0,[144],4.13910709073127,8.0,11,OTHER_WGS_MM_NATLEUK2018|SIGLEC10
TRIM73,Q86UV7,OTHER_WGS_MM_NATLEUK2018,1e-05,0.0,[8],4.03934481100552,7.0,7,OTHER_WGS_MM_NATLEUK2018|TRIM73
PRKD2,Q9BZL6,OTHER_WGS_MM_NATLEUK2018,1e-05,0.0,[383 384 381 382 386],4.031474236996571,9.0,28,OTHER_WGS_MM_NATLEUK2018|PRKD2
IVL,P07476,OTHER_WGS_MM_NATLEUK2018,1e-05,0.0,[236 237],3.816056144951296,5.0,6,OTHER_WGS_MM_NATLEUK2018|IVL
RPS3A,P61247,OTHER_WGS_MM_NATLEUK2018,1e-05,0.0,[157 162],3.745074095426445,8.0,10,OTHER_WGS_MM_NATLEUK2018|RPS3A
USP8,A0A024R5S4,OTHER_WGS_MM_NATLEUK2018,1e-05,0.0,[763 764],3.5679840724749816,5.0,6,OTHER_WGS_MM_NATLEUK2018|USP8
IKBKB,O14920,OTHER_WGS_MM_NATLEUK2018,1e-05,0.0,[171],3.5451976392589235,7.0,10,OTHER_WGS_MM_NATLEUK2018|IKBKB
ODAD2,A0A140VKF7,OTHER_WGS_MM_NATLEUK2018,1e-05,0.0,[425],3.383482014438526,6.0,8,OTHER_WGS_MM_NATLEUK2018|ODAD2
HNRNPU,Q00839,OTHER_WGS_MM_NATLEUK2018,1e-05,0.0,[31 13 29 12 37],3.338750300217284,6.0,9,OTHER_WGS_MM_NATLEUK2018|HNRNPU
RETSAT,Q6NUM9,OTHER_WGS_MM_NATLEUK2018,1e-05,0.0,[533 536],3.197618643770625,5.0,5,OTHER_WGS_MM_NATLEUK2018|RETSAT
FOXD4L1,Q9NU39,OTHER_WGS_MM_NATLEUK2018,1e-05,0.0,[137 155 143 145],3.104636627795552,5.0,6,OTHER_WGS_MM_NATLEUK2018|FOXD4L1
EGR1,P18146,OTHER_WGS_MM_NATLEUK2018,1e-05,0.0,[81 82 80 64 65 33 34 35 66 84 78 77  8  9  5],3.058898716150927,8.0,37,OTHER_WGS_MM_NATLEUK2018|EGR1
CCND1,P24385,OTHER_WGS_MM_NATLEUK2018,1e-05,0.0,[46 50 47 45 48 33 36 20 42 35 51 31 37 18 28 24 97],2.8828079475409742,11.0,31,OTHER_WGS_MM_NATLEUK2018|CCND1
ALOX15,P16050,OTHER_WGS_MM_NATLEUK2018,1e-05,0.0,[113],2.8475965986212124,6.0,8,OTHER_WGS_MM_NATLEUK2018|ALOX15
H1-5,P16401,OTHER_WGS_MM_NATLEUK2018,1e-05,0.0,[89 92 84],2.8423977817933546,7.0,13,OTHER_WGS_MM_NATLEUK2018|H1-5
TP53,K7PPA8,OTHER_WGS_MM_NATLEUK2018,1e-05,0.0,[132 134 126 282 133 127 135 270 131 161 246 193 216 281 280 242 159 234 285 215 163 275 236 248 175 205 199],2.83364393149693,12.0,41,OTHER_WGS_MM_NATLEUK2018|TP53
ARHGAP5,Q13017,OTHER_WGS_MM_NATLEUK2018,1e-05,0.0,[489 494],2.619609596902079,5.0,11,OTHER_WGS_MM_NATLEUK2018|ARHGAP5
EZH2,A0A090N8E9,OTHER_WGS_DLBCL_NATCOM_2018,1e-05,0.0,[646 682],14.046782519013512,21.0,21,OTHER_WGS_DLBCL_NATCOM_2018|EZH2
MEF2B,A0A024R7K5,OTHER_WGS_DLBCL_NATCOM_2018,1e-05,0.0,[81 83],5.370074595795097,9.0,12,OTHER_WGS_DLBCL_NATCOM_2018|MEF2B
IGLL5,B9A064,OTHER_WGS_DLBCL_NATCOM_2018,1e-05,0.0,[44 45 43 42 29 47 46 30 28 68 14 11 27 26 48 31  8 67 15 54  9 69 56 16 65 32 66 55 52 49 58 34 12  6 72],4.386302216810211,23.0,101,OTHER_WGS_DLBCL_NATCOM_2018|IGLL5
STAT3,P40763,OTHER_WGS_DLBCL_NATCOM_2018,1e-05,0.0,[567 616 570 614 566 618],3.8641271748632415,7.0,10,OTHER_WGS_DLBCL_NATCOM_2018|STAT3
APOBR,Q0VD83,OTHER_WGS_DLBCL_NATCOM_2018,1e-05,0.0,[366 364],3.3972378988472447,4.0,6,OTHER_WGS_DLBCL_NATCOM_2018|APOBR
XPO1,O14980,OTHER_WGS_DLBCL_NATCOM_2018,1e-05,0.0,[571],3.3234298425280886,5.0,5,OTHER_WGS_DLBCL_NATCOM_2018|XPO1
MYD88,Q99836,OTHER_WGS_DLBCL_NATCOM_2018,1e-05,0.0,[252],3.264372986599088,12.0,24,OTHER_WGS_DLBCL_NATCOM_2018|MYD88
TP53,K7PPA8,OTHER_WGS_DLBCL_NATCOM_2018,1e-05,0.0,[273 236 238 245 133 248 249 175 282 275 141 126 131],3.046389997924717,11.0,24,OTHER_WGS_DLBCL_NATCOM_2018|TP53
CREBBP,Q92793,OTHER_WGS_DLBCL_NATCOM_2018,1e-05,0.0,[1450 1446 1499 1503],2.72917894692058,4.0,8,OTHER_WGS_DLBCL_NATCOM_2018|CREBBP
SGK1,O00141,OTHER_WGS_DLBCL_NATCOM_2018,1e-05,0.0,[29 31 32 33 34 36 65 67 68 26 63 24 62],2.710179943686075,10.0,49,OTHER_WGS_DLBCL_NATCOM_2018|SGK1
TP53,K7PPA8,OTHER_WGS_BRCA_SCANB_TNBC_2019,1e-05,0.0,[194 134 239 135 274 278 281 125 236 242 215 246 195 193 176 280 141 179 132 248 113 143 255],4.031131129653437,15.0,34,OTHER_WGS_BRCA_SCANB_TNBC_2019|TP53
BRAF,P15056,HARTWIG_WGS_WDTC_2023,1e-05,0.0,[600],3.062210592153247,4.0,4,HARTWIG_WGS_WDTC_2023|BRAF
FGFR3,P22607,HARTWIG_WGS_UTUC_2023,1e-05,0.0,[248 249],3.324866971103931,5.0,6,HARTWIG_WGS_UTUC_2023|FGFR3
TP53,K7PPA8,HARTWIG_WGS_UTUC_2023,1e-05,0.0,[282 281 285 280 132 135],3.3246270858651634,8.0,12,HARTWIG_WGS_UTUC_2023|TP53
FBXW7,Q969H0,HARTWIG_WGS_UCEC_2023,1e-05,0.0,[479 465 441 505],2.953549663272813,4.0,4,HARTWIG_WGS_UCEC_2023|FBXW7
PIK3CA,P42336,HARTWIG_WGS_UCEC_2023,1e-05,0.0,[1049 1047 1043],2.89278218817641,6.0,14,HARTWIG_WGS_UCEC_2023|PIK3CA
BRAF,P15056,HARTWIG_WGS_SKCM_2023,1e-05,0.0,[597 601 600 594],92.77003666770776,142.0,152,HARTWIG_WGS_SKCM_2023|BRAF
NRAS,P01111,HARTWIG_WGS_SKCM_2023,1e-05,0.0,[12 13 61],32.280009936320305,72.0,72,HARTWIG_WGS_SKCM_2023|NRAS
MAP2K1,A4QPA9,HARTWIG_WGS_SKCM_2023,1e-05,0.0,[124 128 203  54],7.516951134566172,15.0,17,HARTWIG_WGS_SKCM_2023|MAP2K1
IDH1,A0A024R3Y6,HARTWIG_WGS_SKCM_2023,1e-05,0.0,[132],5.1454726386334855,12.0,14,HARTWIG_WGS_SKCM_2023|IDH1
RAC1,A4D2P1,HARTWIG_WGS_SKCM_2023,1e-05,0.0,[29 21],4.965692072594112,12.0,14,HARTWIG_WGS_SKCM_2023|RAC1
CNOT9,D5MQE1,HARTWIG_WGS_SKCM_2023,1e-05,0.0,[131],4.537660806687223,9.0,9,HARTWIG_WGS_SKCM_2023|CNOT9
KNSTRN,Q9Y448,HARTWIG_WGS_SKCM_2023,1e-05,0.0,[24],3.988006645815497,7.0,9,HARTWIG_WGS_SKCM_2023|KNSTRN
ZFX,A0A024RC04,HARTWIG_WGS_SKCM_2023,1e-05,0.0,[786 768 789 788],3.3207694275668835,6.0,10,HARTWIG_WGS_SKCM_2023|ZFX
CRNKL1,Q9BZJ0,HARTWIG_WGS_SKCM_2023,1e-05,0.0,[126 128 124],3.3018789608158943,5.0,6,HARTWIG_WGS_SKCM_2023|CRNKL1
ADH4,P08319,HARTWIG_WGS_SKCM_2023,1e-05,0.0,[140 136],2.988445316325697,6.0,7,HARTWIG_WGS_SKCM_2023|ADH4
TP53,K7PPA8,HARTWIG_WGS_SCLC_2023,1e-05,0.0,[245 246 239 248 241 249 273 175 179 256 158 267 262 163 237 236 177 266 162 278],4.401177646186389,14.0,31,HARTWIG_WGS_SCLC_2023|TP53
KRAS,A0A024RAV5,HARTWIG_WGS_READ_2023,1e-05,0.0,[12 61 13],7.714997814618809,21.0,23,HARTWIG_WGS_READ_2023|KRAS
TP53,K7PPA8,HARTWIG_WGS_READ_2023,1e-05,0.0,[245 242 241 273 248 238 176 175 250 179 173 236 135 133 141 134 282 168 234 213],7.276681344360943,21.0,35,HARTWIG_WGS_READ_2023|TP53
AR,P10275,HARTWIG_WGS_PROSTATE_2023,1e-05,0.0,[878 702 877 875 891 896],28.93288766100648,53.0,67,HARTWIG_WGS_PROSTATE_2023|AR
TP53,K7PPA8,HARTWIG_WGS_PROSTATE_2023,1e-05,0.0,[274 273 241 275 135 134 249 278 248 136 250 272 281 282 245 242 238 277 194 234 175 216 159 138 193 244 197 179 120 173 126 158 232 163 254],10.34207519312524,39.0,77,HARTWIG_WGS_PROSTATE_2023|TP53
SPOP,O43791,HARTWIG_WGS_PROSTATE_2023,1e-05,0.0,[131  87 133 104 129 102 125 123],7.52685328509882,16.0,18,HARTWIG_WGS_PROSTATE_2023|SPOP
MED12,Q93074,HARTWIG_WGS_PROSTATE_2023,1e-05,0.0,[1224 1225 1220 1320 1218],4.689902644489271,8.0,12,HARTWIG_WGS_PROSTATE_2023|MED12
CTNNB1,A0A024R2Q3,HARTWIG_WGS_PROSTATE_2023,1e-05,0.0,[33 32 34 45 41],3.196976753618392,7.0,20,HARTWIG_WGS_PROSTATE_2023|CTNNB1
KRAS,A0A024RAV5,HARTWIG_WGS_PANCREAS_2023,1e-05,0.0,[61 12],51.36554103549019,120.0,120,HARTWIG_WGS_PANCREAS_2023|KRAS
TP53,K7PPA8,HARTWIG_WGS_PANCREAS_2023,1e-05,0.0,[239 245 241 248 249 194 273 175 237 176 193 179 172 275 161 132 281 216 213 270 131 163 205 126 277],10.62218798705896,40.0,74,HARTWIG_WGS_PANCREAS_2023|TP53
SMAD4,A0A024R274,HARTWIG_WGS_PANCREAS_2023,1e-05,0.0,[350 361 352 386],3.1921372665420398,8.0,14,HARTWIG_WGS_PANCREAS_2023|SMAD4
CDKN2A,K7PML8,HARTWIG_WGS_PANCREAS_2023,1e-05,0.0,[81 84 83 49 93 54 97],3.153679546230565,12.0,17,HARTWIG_WGS_PANCREAS_2023|CDKN2A
KRAS,A0A024RAV5,HARTWIG_WGS_OVT_2023,1e-05,0.0,[12 61],8.499053115925916,18.0,18,HARTWIG_WGS_OVT_2023|KRAS
TP53,K7PPA8,HARTWIG_WGS_OVT_2023,1e-05,0.0,[236 194 273 175 245 241 237 242 195 249 272 176 134 248 193 173 275 132 179 196 282 281 244 216 152 214 253 158 159 220 126 141 163 149],5.501977152525254,22.0,60,HARTWIG_WGS_OVT_2023|TP53
PIK3CA,P42336,HARTWIG_WGS_OVT_2023,1e-05,0.0,[545 546],3.2277506170706403,7.0,16,HARTWIG_WGS_OVT_2023|PIK3CA
KRAS,A0A024RAV5,HARTWIG_WGS_NSCLC_2023,1e-05,0.0,[12 61 13],32.74755097420618,78.0,80,HARTWIG_WGS_NSCLC_2023|KRAS
TP53,K7PPA8,HARTWIG_WGS_NSCLC_2023,1e-05,0.0,[239 245 246 242 236 273 238 241 175 274 194 173 174 176 249 193 195 282 275 248 179 135 178 136 281 132 276 278 271 244 216 215 272 214 124 257 285 196 258 125 130 284 280 286 157 158 267 220 139 253 205 107 203 127 141 266 234 155 219 270 262 163 105 213 152 154 110 287 151 199 211],15.691383754561526,80.0,219,HARTWIG_WGS_NSCLC_2023|TP53
EGFR,P00533,HARTWIG_WGS_NSCLC_2023,1e-05,0.0,[834 858 790 796 797 751 750 752 719 753 718 724 861 747],12.610726515472628,41.0,131,HARTWIG_WGS_NSCLC_2023|EGFR
BRAF,P15056,HARTWIG_WGS_NSCLC_2023,1e-05,0.0,[600 597],11.651958699597389,22.0,33,HARTWIG_WGS_NSCLC_2023|BRAF
CTNNB1,A0A024R2Q3,HARTWIG_WGS_NSCLC_2023,1e-05,0.0,[34 37 33 32],5.886094234719541,12.0,17,HARTWIG_WGS_NSCLC_2023|CTNNB1
PIK3CA,P42336,HARTWIG_WGS_NSCLC_2023,1e-05,0.0,[545 542],4.150280636920442,11.0,36,HARTWIG_WGS_NSCLC_2023|PIK3CA
ALK,Q9UM73,HARTWIG_WGS_NSCLC_2023,1e-05,0.0,[1171 1174 1196],4.137430325561327,10.0,27,HARTWIG_WGS_NSCLC_2023|ALK
U2AF1,Q01081,HARTWIG_WGS_NSCLC_2023,1e-05,0.0,[34],2.971742073638556,6.0,7,HARTWIG_WGS_NSCLC_2023|U2AF1
UGT2B17,O75795,HARTWIG_WGS_NSCLC_2023,1e-05,0.0,[458 461 279  45],2.771477563046531,5.0,6,HARTWIG_WGS_NSCLC_2023|UGT2B17
SF3B1,O75533,HARTWIG_WGS_LUNG_2023,1e-05,0.0,[625],3.1685164624490585,4.0,4,HARTWIG_WGS_LUNG_2023|SF3B1
CTNNB1,A0A024R2Q3,HARTWIG_WGS_HCC_2023,1e-05,0.0,[34 35 33 32 36 37 41],7.192311366516137,13.0,17,HARTWIG_WGS_HCC_2023|CTNNB1
KIT,P10721,HARTWIG_WGS_GIST_2023,1e-05,0.0,[820 823 822 559 557 560 654 670 809 816 829],6.7189437870556095,16.0,41,HARTWIG_WGS_GIST_2023|KIT
EGFR,P00533,HARTWIG_WGS_GB_2023,1e-05,0.0,[ 84 289 108  62 263],7.073339707555036,16.0,35,HARTWIG_WGS_GB_2023|EGFR
TP53,K7PPA8,HARTWIG_WGS_ESCC_2023,1e-05,0.0,[194 248 236 173 273 175 250 245 193 195 282 135 134 272 176 214 276 205 190 216 163 127 164 130 283 285 286 208 125 141],7.4985010463563935,29.0,79,HARTWIG_WGS_ESCC_2023|TP53
PIK3CA,P42336,HARTWIG_WGS_ESCC_2023,1e-05,0.0,[545 542 546],4.632046260842471,9.0,13,HARTWIG_WGS_ESCC_2023|PIK3CA
SMAD4,A0A024R274,HARTWIG_WGS_ESCC_2023,1e-05,0.0,[361 363 353 351],2.717647877837745,5.0,8,HARTWIG_WGS_ESCC_2023|SMAD4
KRAS,A0A024RAV5,HARTWIG_WGS_COAD_2023,1e-05,0.0,[12 13 61],16.62464942565247,44.0,46,HARTWIG_WGS_COAD_2023|KRAS
TP53,K7PPA8,HARTWIG_WGS_COAD_2023,1e-05,0.0,[246 245 242 173 238 249 175 273 248 176 172 179 195 135 133 275 272 163 282 138 171 141 213 216 205],10.938687675913291,34.0,63,HARTWIG_WGS_COAD_2023|TP53
BRAF,P15056,HARTWIG_WGS_COAD_2023,1e-05,0.0,[600],5.963252114947475,10.0,12,HARTWIG_WGS_COAD_2023|BRAF
PIK3CA,P42336,HARTWIG_WGS_COAD_2023,1e-05,0.0,[ 545  542  546 1049 1047  345 1043  344],3.4901621756341066,9.0,24,HARTWIG_WGS_COAD_2023|PIK3CA
SMAD4,A0A024R274,HARTWIG_WGS_COAD_2023,1e-05,0.0,[363 356 361 386],3.479716094500014,8.0,12,HARTWIG_WGS_COAD_2023|SMAD4
KRAS,A0A024RAV5,HARTWIG_WGS_COADREAD_2023,1e-05,0.0,[ 12  60  13  14  61  34 117],88.34783056837819,222.0,238,HARTWIG_WGS_COADREAD_2023|KRAS
TP53,K7PPA8,HARTWIG_WGS_COADREAD_2023,1e-05,0.0,[239 240 273 245 242 246 241 274 236 248 194 238 175 250 134 176 135 244 178 173 179 193 172 237 195 132 282 278 136 275 181 124 191 271 127 234 232 141 214 161 285 286 145 157 143 159 216 163 113 257 162 220 120 255 147 109 213 168 110 205 187 211],37.38638719627567,146.0,266,HARTWIG_WGS_COADREAD_2023|TP53
BRAF,P15056,HARTWIG_WGS_COADREAD_2023,1e-05,0.0,[597 600 594 581],21.266152795665217,40.0,48,HARTWIG_WGS_COADREAD_2023|BRAF
FBXW7,Q969H0,HARTWIG_WGS_COADREAD_2023,1e-05,0.0,[466 505 465 479 477 425 545 557],17.19566668800338,32.0,42,HARTWIG_WGS_COADREAD_2023|FBXW7
PIK3CA,P42336,HARTWIG_WGS_COADREAD_2023,1e-05,0.0,[ 545  542  546 1049 1047 1044 1043],14.92457645888006,39.0,82,HARTWIG_WGS_COADREAD_2023|PIK3CA
NRAS,P01111,HARTWIG_WGS_COADREAD_2023,1e-05,0.0,[12 13 61 59],14.046357078764778,30.0,30,HARTWIG_WGS_COADREAD_2023|NRAS
SMAD4,A0A024R274,HARTWIG_WGS_COADREAD_2023,1e-05,0.0,[363 355 356 361 351 365 496 537 352 535 386 493 492],9.82295026426282,33.0,68,HARTWIG_WGS_COADREAD_2023|SMAD4
PCBP1,Q15365,HARTWIG_WGS_COADREAD_2023,1e-05,0.0,[100 102],8.559034072597909,14.0,14,HARTWIG_WGS_COADREAD_2023|PCBP1
ERBB2,P04626,HARTWIG_WGS_COADREAD_2023,1e-05,0.0,[678],3.721080475734139,9.0,21,HARTWIG_WGS_COADREAD_2023|ERBB2
BCL9L,Q86UU0,HARTWIG_WGS_COADREAD_2023,1e-05,0.0,[410 407],3.137134205358471,5.0,11,HARTWIG_WGS_COADREAD_2023|BCL9L
ERBB3,P21860,HARTWIG_WGS_COADREAD_2023,1e-05,0.0,[ 60 284],2.5999150150077144,6.0,19,HARTWIG_WGS_COADREAD_2023|ERBB3
KRAS,A0A024RAV5,HARTWIG_WGS_CHOL_2023,1e-05,0.0,[12 61 13],7.906757543089109,21.0,22,HARTWIG_WGS_CHOL_2023|KRAS
IDH1,A0A024R3Y6,HARTWIG_WGS_CHOL_2023,1e-05,0.0,[132],5.078324703835357,10.0,10,HARTWIG_WGS_CHOL_2023|IDH1
TP53,K7PPA8,HARTWIG_WGS_CHOL_2023,1e-05,0.0,[282 275 281 273 135 136 280 127],3.2595968759882443,9.0,19,HARTWIG_WGS_CHOL_2023|TP53
PIK3CA,P42336,HARTWIG_WGS_CEAD_2023,1e-05,0.0,[545 542],6.333928369106857,11.0,14,HARTWIG_WGS_CEAD_2023|PIK3CA
ESR1,G4XH65,HARTWIG_WGS_BRCA_2023,1e-05,0.0,[536 538 537 532],70.64033593117489,117.0,133,HARTWIG_WGS_BRCA_2023|ESR1
PIK3CA,P42336,HARTWIG_WGS_BRCA_2023,1e-05,0.0,[1049 1047 1044 1043  545  542  546  549  539  345  344  378],55.54993320575609,133.0,302,HARTWIG_WGS_BRCA_2023|PIK3CA
TP53,K7PPA8,HARTWIG_WGS_BRCA_2023,1e-05,0.0,[239 273 274 241 134 236 135 275 251 249 133 282 281 250 248 278 132 242 271 245 238 194 175 237 195 176 193 179 178 173 277 244 138 280 161 181 125 191 139 172 158 207 234 215 216 141 258 127 257 285 270 205 208 163 156 220 197 213 151 286 267 110 266 111],18.4161946110809,81.0,187,HARTWIG_WGS_BRCA_2023|TP53
AKT1,B0LPE5,HARTWIG_WGS_BRCA_2023,1e-05,0.0,[17],14.870668084079629,33.0,38,HARTWIG_WGS_BRCA_2023|AKT1
ERBB2,P04626,HARTWIG_WGS_BRCA_2023,1e-05,0.0,[767 755 769 776 777],6.075435166147776,15.0,37,HARTWIG_WGS_BRCA_2023|ERBB2
KRAS,A0A024RAV5,HARTWIG_WGS_BRCA_2023,1e-05,0.0,[12 61 13],4.954418773929967,11.0,11,HARTWIG_WGS_BRCA_2023|KRAS
FOXA1,P55317,HARTWIG_WGS_BRCA_2023,1e-05,0.0,[226 177 174 259 176 260 266 227 261 250 256],3.808737696334074,11.0,32,HARTWIG_WGS_BRCA_2023|FOXA1
SF3B1,O75533,HARTWIG_WGS_BRCA_2023,1e-05,0.0,[700],3.156534316260337,6.0,11,HARTWIG_WGS_BRCA_2023|SF3B1
PIK3CA,P42336,HARTWIG_WGS_BLCA_2023,1e-05,0.0,[542 545 539],6.608874714179287,15.0,26,HARTWIG_WGS_BLCA_2023|PIK3CA
RXRA,F1D8Q5,HARTWIG_WGS_BLCA_2023,1e-05,0.0,[427 429],5.26000451913658,8.0,8,HARTWIG_WGS_BLCA_2023|RXRA
FGFR3,P22607,HARTWIG_WGS_BLCA_2023,1e-05,0.0,[248 249 373],5.1358539029948655,10.0,17,HARTWIG_WGS_BLCA_2023|FGFR3
FBXW7,Q969H0,HARTWIG_WGS_BLCA_2023,1e-05,0.0,[505 465],3.409611555417369,6.0,8,HARTWIG_WGS_BLCA_2023|FBXW7
TP53,K7PPA8,HARTWIG_WGS_BLCA_2023,1e-05,0.0,[249 273 241 173 248 132 195 280 157 258 194 255 161 158 238 285 267 266 163 175 271 286 168 278 176 193 287 133 122 262 125 169 220 110 279 138 107 197],3.377811842390892,17.0,68,HARTWIG_WGS_BLCA_2023|TP53
KRAS,A0A024RAV5,CPTAC_WXS_UCEC_2020,1e-05,0.0,[12 13 61],11.537865957287396,29.0,29,CPTAC_WXS_UCEC_2020|KRAS
CTNNB1,A0A024R2Q3,CPTAC_WXS_UCEC_2020,1e-05,0.0,[34 32 33 37],8.972853783669207,17.0,19,CPTAC_WXS_UCEC_2020|CTNNB1
PTEN,F6KD01,CPTAC_WXS_UCEC_2020,1e-05,0.0,[130 124 127 129 126 123  92 122  96  93 165  68  38  24  88 162 174],8.883980769626412,24.0,35,CPTAC_WXS_UCEC_2020|PTEN
PIK3CA,P42336,CPTAC_WXS_UCEC_2020,1e-05,0.0,[ 545  546  542 1047 1043  112  111  115  108   83  106  118],6.209603522039811,16.0,40,CPTAC_WXS_UCEC_2020|PIK3CA
NFE2L2,Q16236,CPTAC_WXS_UCEC_2020,1e-05,0.0,[82 77 81],3.500075366595444,4.0,4,CPTAC_WXS_UCEC_2020|NFE2L2
PPP2R1A,A8K7B7,CPTAC_WXS_UCEC_2020,1e-05,0.0,[179 183],3.401923288917002,7.0,9,CPTAC_WXS_UCEC_2020|PPP2R1A
BCOR,Q6W2J9,CPTAC_WXS_UCEC_2020,1e-05,0.0,[1459],3.329301442346539,5.0,9,CPTAC_WXS_UCEC_2020|BCOR
KRAS,A0A024RAV5,CPTAC_WXS_PAAD_2021,1e-05,0.0,[12 61 13],52.87981915881655,126.0,126,CPTAC_WXS_PAAD_2021|KRAS
TP53,K7PPA8,CPTAC_WXS_PAAD_2021,1e-05,0.0,[241 245 273 248 236 173 238 175 176 193 282 181 278 130 213 127 286 168 280 163],4.633302626213892,22.0,61,CPTAC_WXS_PAAD_2021|TP53
ANKAR,Q7Z5J8,CPTAC_WXS_PAAD_2021,1e-05,0.0,[475],2.965705758246766,4.0,4,CPTAC_WXS_PAAD_2021|ANKAR
TP53,K7PPA8,CPTAC_WXS_OVT_2020,1e-05,0.0,[274 248 246 245 273 175 238 173 179 237 281 282 192 193 163 127],4.11798615108166,12.0,25,CPTAC_WXS_OVT_2020|TP53
TRIO,O75962,CPTAC_WXS_LUSC_2020,1e-05,0.0,[2534 2040 2537],2.5302194915656364,4.0,8,CPTAC_WXS_LUSC_2020|TRIO
TP53,K7PPA8,CPTAC_WXS_LUSC_2020,1e-05,0.0,[273 175 176 275 276 179 274 272 158 248 280 249 282 157 267 220 243 254 244 195 279 161 130 205 131 285 138 154 151 120 163 105],2.526875008579012,13.0,60,CPTAC_WXS_LUSC_2020|TP53
KRAS,A0A024RAV5,CPTAC_WXS_LUAD_2020,1e-05,0.0,[12 13 61],15.692955357205587,35.0,35,CPTAC_WXS_LUAD_2020|KRAS
EGFR,P00533,CPTAC_WXS_LUAD_2020,1e-05,0.0,[858],6.978073775828727,15.0,28,CPTAC_WXS_LUAD_2020|EGFR
TP53,K7PPA8,CPTAC_WXS_LUAD_2020,1e-05,0.0,[245 249 242 241 246 248 173 236 179 244 193 237 195 273 234 272 213 215 141 190],3.727185599072895,16.0,45,CPTAC_WXS_LUAD_2020|TP53
TP53,K7PPA8,CPTAC_WXS_HNSC_2020,1e-05,0.0,[246 245 175 176 273 242 282 194 135 179 241 244 278 237 248 195 216 193 159 157 286 285 218 127 257 220 272 205 151 163 141 267 254],4.008549697330813,16.0,51,CPTAC_WXS_HNSC_2020|TP53
CREM,Q03060,CPTAC_WXS_GBM_2020,1e-05,0.0,[339],4.184456270287535,6.0,6,CPTAC_WXS_GBM_2020|CREM
ITPRID2,P28290,CPTAC_WXS_GBM_2020,1e-05,0.0,[122],3.7334754952876423,4.0,4,CPTAC_WXS_GBM_2020|ITPRID2
KRAS,A0A024RAV5,CPTAC_WXS_COAD_2020,1e-05,0.0,[12 61 13],7.81414531116887,27.0,34,CPTAC_WXS_COAD_2020|KRAS
BAP1,A0A024R305,CPTAC_WXS_CCRCC_2020,1e-05,0.0,[170  52  93 185],3.6407230291744015,5.0,5,CPTAC_WXS_CCRCC_2020|BAP1
VHL,A0A024R2F2,CPTAC_WXS_CCRCC_2020,1e-05,0.0,[ 88 115  90  89  65 111  93  72 110  85  74],3.10812718098339,14.0,29,CPTAC_WXS_CCRCC_2020|VHL
PIK3CA,P42336,CPTAC_WXS_BRCA_2020,1e-05,0.0,[1049 1047],7.680132712690764,17.0,34,CPTAC_WXS_BRCA_2020|PIK3CA
PIK3CA,P42336,CGCI_WGS_CESC_2020,1e-05,0.0,[545 542],11.106473074512229,23.0,37,CGCI_WGS_CESC_2020|PIK3CA
LILRB2,Q8N423,CGCI_WGS_CESC_2020,1e-05,0.0,[374 373 372 371 375],10.958535405757813,20.0,27,CGCI_WGS_CESC_2020|LILRB2
HLA-DQA1,A0A173ADG5,CGCI_WGS_CESC_2020,1e-05,0.0,[73 74 75 71 70 78 76],9.36378218701991,19.0,23,CGCI_WGS_CESC_2020|HLA-DQA1
HLA-A,B1PKY1,CGCI_WGS_CESC_2020,1e-05,0.0,[104 103 107 105 106  99],6.892221505686764,13.0,15,CGCI_WGS_CESC_2020|HLA-A
KIR2DL1,Q6H2H3,CGCI_WGS_CESC_2020,1e-05,0.0,[211 212],5.135704935537961,10.0,12,CGCI_WGS_CESC_2020|KIR2DL1
HLA-DRB5,A0A2Z4LKS3,CGCI_WGS_CESC_2020,1e-05,0.0,[39 41 42],3.8192201385163616,7.0,8,CGCI_WGS_CESC_2020|HLA-DRB5
MED12,Q93074,CGCI_WGS_CESC_2020,1e-05,0.0,[192 193 191],3.7719530623195214,5.0,7,CGCI_WGS_CESC_2020|MED12
FAM8A1,A0A024R006,CGCI_WGS_CESC_2020,1e-05,0.0,[153 155],3.1707450034073297,6.0,11,CGCI_WGS_CESC_2020|FAM8A1
ANKRD36,A6QL64,CGCI_WGS_CESC_2020,1e-05,0.0,[574 575 572],2.667446396782045,4.0,9,CGCI_WGS_CESC_2020|ANKRD36
MUC17,Q685J3,CGCI_WGS_CESC_2020,1e-05,0.0,[2481 2482 2484 2480],2.576039546219899,4.0,8,CGCI_WGS_CESC_2020|MUC17
FOXO1,Q12778,CGCI_WGS_BL_2020,1e-05,0.0,[22 21 24 19 26],13.00040409887811,19.0,22,CGCI_WGS_BL_2020|FOXO1
LILRB2,Q8N423,CGCI_WGS_BL_2020,1e-05,0.0,[374 373 372 371 375],9.61254651739276,16.0,20,CGCI_WGS_BL_2020|LILRB2
TP53,K7PPA8,CGCI_WGS_BL_2020,1e-05,0.0,[239 176 247 248 175 179 173 273 272 161],4.064558180042679,10.0,14,CGCI_WGS_BL_2020|TP53
OR5H14,A6NHG9,CGCI_WGS_BL_2020,1e-05,0.0,[149 150 146 107],3.1821925238299547,6.0,6,CGCI_WGS_BL_2020|OR5H14
ID3,Q02535,CGCI_WGS_BL_2020,1e-05,0.0,[76 69 70 55 67 54 56 57 61 64 74 77 60],3.1466298585865773,17.0,33,CGCI_WGS_BL_2020|ID3
BRAF,P15056,CBIOP_WXS_SKCM_BROAD,1e-05,0.0,[601 600],29.092352153931976,45.0,48,CBIOP_WXS_SKCM_BROAD|BRAF
NRAS,P01111,CBIOP_WXS_SKCM_BROAD,1e-05,0.0,[61 12],8.682670924409738,21.0,23,CBIOP_WXS_SKCM_BROAD|NRAS
TP53,K7PPA8,CBIOP_WXS_SCLC_UCOLOGNE_2015,1e-05,0.0,[241 245 242 249 175 176 159 248 273 157 179 215 173 244 158 161 195 132 258 275 272 214 282 172 181 276 156 220 196 234 163 168 154 266 125 151 285],5.008225260567998,22.0,68,CBIOP_WXS_SCLC_UCOLOGNE_2015|TP53
AR,P10275,CBIOP_WXS_PRAD_SU2C_2019,1e-05,0.0,[878 702 875 877 889 716 742 903],23.51255741678189,46.0,66,CBIOP_WXS_PRAD_SU2C_2019|AR
SPOP,O43791,CBIOP_WXS_PRAD_SU2C_2019,1e-05,0.0,[131 133  87 119 102 125],11.708228047022256,23.0,23,CBIOP_WXS_PRAD_SU2C_2019|SPOP
TP53,K7PPA8,CBIOP_WXS_PRAD_SU2C_2019,1e-05,0.0,[240 241 273 245 242 238 246 249 248 175 236 176 275 135 237 136 179 173 282 278 195 132 272 193 181 279 159 214 234 141 285 286],11.344927616381767,47.0,95,CBIOP_WXS_PRAD_SU2C_2019|TP53
AHNAK2,Q8IVF2,CBIOP_WXS_PRAD_SU2C_2019,1e-05,0.0,[ 697  694  696 2773],9.896981996388243,15.0,39,CBIOP_WXS_PRAD_SU2C_2019|AHNAK2
ZNF646,O15015,CBIOP_WXS_PRAD_SU2C_2019,1e-05,0.0,[1788 1787],5.9389700489214885,9.0,14,CBIOP_WXS_PRAD_SU2C_2019|ZNF646
FAM180B,Q6P0A1,CBIOP_WXS_PRAD_SU2C_2019,1e-05,0.0,[83 82],4.162378560560287,8.0,8,CBIOP_WXS_PRAD_SU2C_2019|FAM180B
FOXA1,P55317,CBIOP_WXS_PRAD_SU2C_2019,1e-05,0.0,[259 261 174 262 254],3.9695327647306624,9.0,18,CBIOP_WXS_PRAD_SU2C_2019|FOXA1
UNC93B1,Q9H1C4,CBIOP_WXS_PRAD_SU2C_2019,1e-05,0.0,[380 386 233],3.878190037183597,7.0,8,CBIOP_WXS_PRAD_SU2C_2019|UNC93B1
USP7,Q93009,CBIOP_WXS_PRAD_SU2C_2019,1e-05,0.0,[4],3.8501772610141822,7.0,11,CBIOP_WXS_PRAD_SU2C_2019|USP7
SEL1L2,Q5TEA6,CBIOP_WXS_PRAD_SU2C_2019,1e-05,0.0,[123 124 126],3.765875438735157,6.0,7,CBIOP_WXS_PRAD_SU2C_2019|SEL1L2
BMP6,P22004,CBIOP_WXS_PRAD_SU2C_2019,1e-05,0.0,[118],3.737968195625193,7.0,10,CBIOP_WXS_PRAD_SU2C_2019|BMP6
ZNF780B,A0A024R0P7,CBIOP_WXS_PRAD_SU2C_2019,1e-05,0.0,[430 290],3.618616793389545,8.0,17,CBIOP_WXS_PRAD_SU2C_2019|ZNF780B
RALGAPA1,Q6GYQ0,CBIOP_WXS_PRAD_SU2C_2019,1e-05,0.0,[695 693],3.1845129280010283,4.0,5,CBIOP_WXS_PRAD_SU2C_2019|RALGAPA1
CTNNB1,A0A024R2Q3,CBIOP_WXS_PRAD_SU2C_2019,1e-05,0.0,[34 33 32 37],2.8835680464004723,7.0,17,CBIOP_WXS_PRAD_SU2C_2019|CTNNB1
PLXNB1,O43157,CBIOP_WXS_PRAD_SU2C_2019,1e-05,0.0,[693 696],2.7633810594815595,5.0,12,CBIOP_WXS_PRAD_SU2C_2019|PLXNB1
OR5F1,O95221,CBIOP_WXS_PRAD_SU2C_2019,1e-05,0.0,[33 29 32],2.6860537156567315,6.0,10,CBIOP_WXS_PRAD_SU2C_2019|OR5F1
AR,P10275,CBIOP_WXS_PRAD_MSKCC_DCFI_2018_PRY,1e-05,0.0,[878 702],6.774733013187775,11.0,15,CBIOP_WXS_PRAD_MSKCC_DCFI_2018_PRY|AR
SPOP,O43791,CBIOP_WXS_PRAD_MSKCC_DCFI_2018_PRY,1e-05,0.0,[131 133 134 129 130 125 102],5.94102661205536,11.0,11,CBIOP_WXS_PRAD_MSKCC_DCFI_2018_PRY|SPOP
KRTAP13-3,Q3SY46,CBIOP_WXS_PRAD_MSKCC_DCFI_2018_PRY,1e-05,0.0,[137 136],4.341778094006369,8.0,13,CBIOP_WXS_PRAD_MSKCC_DCFI_2018_PRY|KRTAP13-3
SPOP,O43791,CBIOP_WXS_PRAD_MSKCC_DCFI_2018_MET,1e-05,0.0,[131 133  87 134 119  83 102],13.751757371067892,27.0,28,CBIOP_WXS_PRAD_MSKCC_DCFI_2018_MET|SPOP
AR,P10275,CBIOP_WXS_PRAD_MSKCC_DCFI_2018_MET,1e-05,0.0,[878 702 875 889 903 742],9.646899994483078,19.0,31,CBIOP_WXS_PRAD_MSKCC_DCFI_2018_MET|AR
TP53,K7PPA8,CBIOP_WXS_PRAD_MSKCC_DCFI_2018_MET,1e-05,0.0,[273 249 251 248 246 245 132 242 135 282 272 278 175 238 173 179 130 279 193 163 181],5.153611157938189,21.0,47,CBIOP_WXS_PRAD_MSKCC_DCFI_2018_MET|TP53
FOXA1,P55317,CBIOP_WXS_PRAD_MSKCC_DCFI_2018_MET,1e-05,0.0,[259 261 262 226 247 254],3.217853074715377,7.0,14,CBIOP_WXS_PRAD_MSKCC_DCFI_2018_MET|FOXA1
USP7,Q93009,CBIOP_WXS_PRAD_MSKCC_DCFI_2018_MET,1e-05,0.0,[4],3.161331355105397,5.0,6,CBIOP_WXS_PRAD_MSKCC_DCFI_2018_MET|USP7
KDM6A,O15550,CBIOP_WXS_PRAD_MSKCC_DCFI_2018_MET,1e-05,0.0,[1160 1158 1157 1164],2.967012238445442,4.0,5,CBIOP_WXS_PRAD_MSKCC_DCFI_2018_MET|KDM6A
SPOP,O43791,CBIOP_WXS_PRAD_BROAD,1e-05,0.0,[131 133  87 134 119 129 125],7.497850189640793,14.0,14,CBIOP_WXS_PRAD_BROAD|SPOP
KRAS,A0A024RAV5,CBIOP_WXS_NSCLC_MSKCC_2018,1e-05,0.0,[12 61 13],8.162083528991237,20.0,20,CBIOP_WXS_NSCLC_MSKCC_2018|KRAS
ZNF395,Q9H8N7,CBIOP_WXS_NSCLC_MSKCC_2018,1e-05,0.0,[236 234],3.981290619562391,6.0,8,CBIOP_WXS_NSCLC_MSKCC_2018|ZNF395
NRAS,P01111,CBIOP_WXS_MM_BROAD_UNTREAT,1e-05,0.0,[61 12 13 64],7.374017247053428,15.0,16,CBIOP_WXS_MM_BROAD_UNTREAT|NRAS
KRAS,A0A024RAV5,CBIOP_WXS_MM_BROAD_UNTREAT,1e-05,0.0,[12 13 61 59 63],3.602214384188564,11.0,14,CBIOP_WXS_MM_BROAD_UNTREAT|KRAS
NRAS,P01111,CBIOP_WXS_MM_BROAD_TREAT,1e-05,0.0,[12 13 61],7.570111854136991,17.0,18,CBIOP_WXS_MM_BROAD_TREAT|NRAS
KRAS,A0A024RAV5,CBIOP_WXS_MM_BROAD_TREAT,1e-05,0.0,[61 12 64 13 18],5.301764545255186,18.0,28,CBIOP_WXS_MM_BROAD_TREAT|KRAS
KRAS,A0A024RAV5,CBIOP_WXS_LUAD_VALLEN_2018,1e-05,0.0,[13 12],7.612636918685346,17.0,18,CBIOP_WXS_LUAD_VALLEN_2018|KRAS
CTNNA2,P26232,CBIOP_WXS_LUAD_VALLEN_2018,1e-05,0.0,[362 351 363],4.683756240748409,8.0,9,CBIOP_WXS_LUAD_VALLEN_2018|CTNNA2
ATG2A,Q2TAZ0,CBIOP_WXS_LUAD_VALLEN_2018,1e-05,0.0,[857 860],3.621889623819834,4.0,4,CBIOP_WXS_LUAD_VALLEN_2018|ATG2A
EGFR,P00533,CBIOP_WXS_LUAD_ONCOSG_2020,1e-05,0.0,[834 835 858 861 833 769],35.58175012258182,72.0,94,CBIOP_WXS_LUAD_ONCOSG_2020|EGFR
KRAS,A0A024RAV5,CBIOP_WXS_LUAD_ONCOSG_2020,1e-05,0.0,[12 61 13],11.220148882198709,28.0,28,CBIOP_WXS_LUAD_ONCOSG_2020|KRAS
TP53,K7PPA8,CBIOP_WXS_LUAD_ONCOSG_2020,1e-05,0.0,[274 238 136 236 175 273 275 194 245 237 246 135 179 241 242 276 278 195 248 282 173 280 126 234 141 220 251 158 154 151 130 190 285 203 171 213],7.48903662522522,29.0,63,CBIOP_WXS_LUAD_ONCOSG_2020|TP53
MADCAM1,Q13477,CBIOP_WXS_LUAD_ONCOSG_2020,1e-05,0.0,[234],5.788500593730402,10.0,10,CBIOP_WXS_LUAD_ONCOSG_2020|MADCAM1
PER3,P56645,CBIOP_WXS_LUAD_ONCOSG_2020,1e-05,0.0,[997 998],5.508618055301038,8.0,11,CBIOP_WXS_LUAD_ONCOSG_2020|PER3
TMEM14B,A0A024QZV7,CBIOP_WXS_LUAD_ONCOSG_2020,1e-05,0.0,[108],5.206545687211926,10.0,10,CBIOP_WXS_LUAD_ONCOSG_2020|TMEM14B
EPPK1,P58107,CBIOP_WXS_LUAD_ONCOSG_2020,1e-05,0.0,[2239],5.047565788680979,9.0,19,CBIOP_WXS_LUAD_ONCOSG_2020|EPPK1
ZNF880,Q6PDB4,CBIOP_WXS_LUAD_ONCOSG_2020,1e-05,0.0,[406],3.605749574506365,5.0,5,CBIOP_WXS_LUAD_ONCOSG_2020|ZNF880
ESX1,Q8N693,CBIOP_WXS_LUAD_ONCOSG_2020,1e-05,0.0,[347 348],3.558724386773429,5.0,6,CBIOP_WXS_LUAD_ONCOSG_2020|ESX1
KRAS,A0A024RAV5,CBIOP_WXS_LUAD_BROAD,1e-05,0.0,[12 13 61],16.394705461578166,41.0,41,CBIOP_WXS_LUAD_BROAD|KRAS
TP53,K7PPA8,CBIOP_WXS_LUAD_BROAD,1e-05,0.0,[249 273 248 157 267 255 245 158 159 247 242 215 275 278 135 266 282 272 173 155 105 172 283 194 169],4.134548575001125,17.0,50,CBIOP_WXS_LUAD_BROAD|TP53
EGFR,P00533,CBIOP_WXS_LUAD_BROAD,1e-05,0.0,[858 857],3.852048384478167,9.0,25,CBIOP_WXS_LUAD_BROAD|EGFR
CTNNB1,A0A024R2Q3,CBIOP_WXS_HCC_AMC_PRV,1e-05,0.0,[34 33 32 31 36 37 41 45],15.409219430310175,35.0,52,CBIOP_WXS_HCC_AMC_PRV|CTNNB1
IFITM3,Q01628,CBIOP_WXS_HCC_AMC_PRV,1e-05,0.0,[70],3.5672338898411726,6.0,6,CBIOP_WXS_HCC_AMC_PRV|IFITM3
TP53,K7PPA8,CBIOP_WXS_HCC_AMC_PRV,1e-05,0.0,[238 245 242 273 248 195 193 175 174 249 274 194 275 281 205 190 179 244 159 282 136 271 280 234 213 187 286],2.5846054619653547,10.0,51,CBIOP_WXS_HCC_AMC_PRV|TP53
TP53,K7PPA8,CBIOP_WXS_ESCA_BROAD,1e-05,0.0,[273 245 241 242 248 249 238 175 134 244 176 195 282 193 135 275 278 132 237 172 271 126 214 215 216 205 280 130 162 158 255],10.982386790848365,34.0,72,CBIOP_WXS_ESCA_BROAD|TP53
PIK3CA,P42336,CBIOP_WXS_ESCA_BROAD,1e-05,0.0,[542 545],4.744662461580203,7.0,7,CBIOP_WXS_ESCA_BROAD|PIK3CA
FMN2,Q9NZ56,CBIOP_WXS_ESCA_BROAD,1e-05,0.0,[1622 1625 1624],3.932615916732865,5.0,8,CBIOP_WXS_ESCA_BROAD|FMN2
SMAD4,A0A024R274,CBIOP_WXS_ESCA_BROAD,1e-05,0.0,[351 361 356 386],3.806999369655434,7.0,8,CBIOP_WXS_ESCA_BROAD|SMAD4
TLL1,O43897,CBIOP_WXS_ESCA_BROAD,1e-05,0.0,[643 642],2.5501190409637435,5.0,10,CBIOP_WXS_ESCA_BROAD|TLL1
PIK3CA,P42336,CBIOP_WXS_EGC_TMUCIH_2015,1e-05,0.0,[545 542],3.87119266262036,7.0,11,CBIOP_WXS_EGC_TMUCIH_2015|PIK3CA
TP53,K7PPA8,CBIOP_WXS_EGC_TMUCIH_2015,1e-05,0.0,[245 179 194 175 237 178 248 214 249 274],3.333688991231882,11.0,24,CBIOP_WXS_EGC_TMUCIH_2015|TP53
EZH2,A0A090N8E9,CBIOP_WXS_DLBC_BROAD_2012,1e-05,0.0,[646 692],4.379471064380433,6.0,6,CBIOP_WXS_DLBC_BROAD_2012|EZH2
MEF2C,A0A024RAL7,CBIOP_WXS_DLBC_BROAD_2012,1e-05,0.0,[11 14  6 10],4.010577234233413,5.0,5,CBIOP_WXS_DLBC_BROAD_2012|MEF2C
MYD88,Q99836,CBIOP_WXS_DLBCL_DFCI_2018,1e-05,0.0,[252 219],6.681627120343805,16.0,21,CBIOP_WXS_DLBCL_DFCI_2018|MYD88
CD79B,P40259,CBIOP_WXS_DLBCL_DFCI_2018,1e-05,0.0,[196 197 199],6.093780329978879,12.0,16,CBIOP_WXS_DLBCL_DFCI_2018|CD79B
TP53,K7PPA8,CBIOP_WXS_DLBCL_DFCI_2018,1e-05,0.0,[242 246 245 239 176 175 248 282 249 285 286 134],4.275371509671095,11.0,21,CBIOP_WXS_DLBCL_DFCI_2018|TP53
MEF2C,A0A024RAL7,CBIOP_WXS_DLBCL_DFCI_2018,1e-05,0.0,[11 14  6 10],4.003305084910781,5.0,5,CBIOP_WXS_DLBCL_DFCI_2018|MEF2C
POU2F2,P09086,CBIOP_WXS_DLBCL_DFCI_2018,1e-05,0.0,[239 245],3.5591430690207124,6.0,8,CBIOP_WXS_DLBCL_DFCI_2018|POU2F2
EZH2,A0A090N8E9,CBIOP_WXS_DLBCL_DFCI_2018,1e-05,0.0,[692 646],3.5201471195886342,6.0,8,CBIOP_WXS_DLBCL_DFCI_2018|EZH2
IKZF3,Q9UKT9,CBIOP_WXS_DLBCL_DFCI_2018,1e-05,0.0,[213 215 218],2.9266682465369565,4.0,5,CBIOP_WXS_DLBCL_DFCI_2018|IKZF3
TP53,K7PPA8,CBIOP_WXS_CSCC_UCSF_2018,1e-05,0.0,[245 176 194 179 238 237 248 273 177 173 278 214],5.575197038840898,19.0,42,CBIOP_WXS_CSCC_UCSF_2018|TP53
HRAS,P01112,CBIOP_WXS_CSCC_UCSF_2018,1e-05,0.0,[13 12 61 59],4.018845461671189,9.0,10,CBIOP_WXS_CSCC_UCSF_2018|HRAS
PPP1R13L,A0A024R0Q5,CBIOP_WXS_CSCC_UCSF_2018,1e-05,0.0,[763 758 814 785],3.406530135507478,4.0,4,CBIOP_WXS_CSCC_UCSF_2018|PPP1R13L
BRAF,P15056,CBIOP_WXS_CM_VALLEN_2018,1e-05,0.0,[597 601 600 602 594],47.64314637053587,77.0,87,CBIOP_WXS_CM_VALLEN_2018|BRAF
NRAS,P01111,CBIOP_WXS_CM_VALLEN_2018,1e-05,0.0,[12 13 61 34],13.870491472147028,43.0,55,CBIOP_WXS_CM_VALLEN_2018|NRAS
NBPF3,Q9H094,CBIOP_WXS_CM_VALLEN_2018,1e-05,0.0,[424],7.357054144346335,11.0,13,CBIOP_WXS_CM_VALLEN_2018|NBPF3
ZNF804A,Q7Z570,CBIOP_WXS_CM_VALLEN_2018,1e-05,0.0,[573 575],4.212591111043282,9.0,37,CBIOP_WXS_CM_VALLEN_2018|ZNF804A
CTAGE6,Q86UF2,CBIOP_WXS_CM_VALLEN_2018,1e-05,0.0,[409 412],3.6282299226608985,4.0,4,CBIOP_WXS_CM_VALLEN_2018|CTAGE6
TP53,K7PPA8,CBIOP_WXS_CM_VALLEN_2018,1e-05,0.0,[273 241 248 238 236 278 175],3.626112368718005,8.0,12,CBIOP_WXS_CM_VALLEN_2018|TP53
CTNNA2,P26232,CBIOP_WXS_CM_VALLEN_2018,1e-05,0.0,[351],3.484890617784337,7.0,11,CBIOP_WXS_CM_VALLEN_2018|CTNNA2
PPP6C,A0A024R861,CBIOP_WXS_CM_VALLEN_2018,1e-05,0.0,[264],3.421776498105197,7.0,7,CBIOP_WXS_CM_VALLEN_2018|PPP6C
SF3B1,O75533,CBIOP_WXS_CLL_IUOPA_2015,1e-05,0.0,[662 701 700 742 666 663 625 626 740 741 743 783],12.102922436356778,26.0,40,CBIOP_WXS_CLL_IUOPA_2015|SF3B1
XPO1,O14980,CBIOP_WXS_CLL_IUOPA_2015,1e-05,0.0,[571],5.915151413029647,10.0,11,CBIOP_WXS_CLL_IUOPA_2015|XPO1
MYD88,Q99836,CBIOP_WXS_CLL_IUOPA_2015,1e-05,0.0,[252 219],5.2881144221043,13.0,18,CBIOP_WXS_CLL_IUOPA_2015|MYD88
MED12,Q93074,CBIOP_WXS_CLL_IUOPA_2015,1e-05,0.0,[41 36 44],3.6653225938969407,5.0,6,CBIOP_WXS_CLL_IUOPA_2015|MED12
BRAF,P15056,CBIOP_WXS_CLL_IUOPA_2015,1e-05,0.0,[597 601 600 594 501 581],3.154545135105755,6.0,10,CBIOP_WXS_CLL_IUOPA_2015|BRAF
IKZF3,Q9UKT9,CBIOP_WXS_CLL_IUOPA_2015,1e-05,0.0,[162],3.1351054801094795,4.0,4,CBIOP_WXS_CLL_IUOPA_2015|IKZF3
IRF4,Q15306,CBIOP_WXS_CLL_IUOPA_2015,1e-05,0.0,[116 114],2.993557448644807,5.0,6,CBIOP_WXS_CLL_IUOPA_2015|IRF4
TP53,K7PPA8,CBIOP_WXS_CLL_IUOPA_2015,1e-05,0.0,[246 245 176 175 173 244 239 161],2.9786194039998684,7.0,13,CBIOP_WXS_CLL_IUOPA_2015|TP53
SF3B1,O75533,CBIOP_WXS_CLL_BROAD_2013,1e-05,0.0,[742 700 659 740 741 625 622 666],7.901213743233415,15.0,21,CBIOP_WXS_CLL_BROAD_2013|SF3B1
MYD88,Q99836,CBIOP_WXS_CLL_BROAD_2013,1e-05,0.0,[252 219],6.381932904284997,11.0,11,CBIOP_WXS_CLL_BROAD_2013|MYD88
XPO1,O14980,CBIOP_WXS_CLL_BROAD_2013,1e-05,0.0,[571],2.981437469827592,5.0,6,CBIOP_WXS_CLL_BROAD_2013|XPO1
PIK3CA,P42336,CBIOP_WXS_BRCA_MBCP_PRY_NOTREAT_2020,1e-05,0.0,[545 542],3.524407564776623,7.0,13,CBIOP_WXS_BRCA_MBCP_PRY_NOTREAT_2020|PIK3CA
PIK3CA,P42336,CBIOP_WXS_BRCA_MBCP_MET_TREAT_2020,1e-05,0.0,[545 546 542],4.051781510304524,8.0,12,CBIOP_WXS_BRCA_MBCP_MET_TREAT_2020|PIK3CA
PIK3CA,P42336,CBIOP_WXS_BRCA_MBCP_MET_NOTREAT_2020,1e-05,0.0,[ 545  542 1049 1047],3.0406830310968096,6.0,11,CBIOP_WXS_BRCA_MBCP_MET_NOTREAT_2020|PIK3CA
FAM186A,A6NE01,CBIOP_WXS_BLCA_VALLEN_2018,1e-05,0.0,[190],4.002578844206813,4.0,4,CBIOP_WXS_BLCA_VALLEN_2018|FAM186A
FGFR3,P22607,CBIOP_WXS_BLCA_VALLEN_2018,1e-05,0.0,[248 249],3.1610529716811544,4.0,4,CBIOP_WXS_BLCA_VALLEN_2018|FGFR3
CUX2,O14529,CBIOP_WXS_BLCA_VALLEN_2018,1e-05,0.0,[990],3.088578431650181,4.0,6,CBIOP_WXS_BLCA_VALLEN_2018|CUX2
FGFR3,P22607,CBIOP_WXS_BLCA_UTUC_IGBMC_2021,1e-05,0.0,[249 373],3.6293464741364567,8.0,15,CBIOP_WXS_BLCA_UTUC_IGBMC_2021|FGFR3
ERBB4,Q15303,CBIOP_WXS_BLCA_DFARBER_MSKCC_2014,1e-05,0.0,[1289  707],5.7848558209662135,12.0,24,CBIOP_WXS_BLCA_DFARBER_MSKCC_2014|ERBB4
SPDYE5,A6NIY4,CBIOP_WXS_BLCA_DFARBER_MSKCC_2014,1e-05,0.0,[322 318],5.545450825884123,8.0,8,CBIOP_WXS_BLCA_DFARBER_MSKCC_2014|SPDYE5
AHNAK,Q09666,CBIOP_WXS_BLCA_DFARBER_MSKCC_2014,1e-05,0.0,[1940],4.08681794240617,6.0,10,CBIOP_WXS_BLCA_DFARBER_MSKCC_2014|AHNAK
PIK3CA,P42336,CBIOP_WXS_BLCA_DFARBER_MSKCC_2014,1e-05,0.0,[545 542],3.342402461660147,6.0,9,CBIOP_WXS_BLCA_DFARBER_MSKCC_2014|PIK3CA
ZAN,Q9Y493,CBIOP_WXS_BLCA_DFARBER_MSKCC_2014,1e-05,0.0,[717 913],3.1865662628996607,6.0,16,CBIOP_WXS_BLCA_DFARBER_MSKCC_2014|ZAN
TMPRSS13,Q9BYE2,CBIOP_WXS_BLCA_DFARBER_MSKCC_2014,1e-05,0.0,[37 38],3.102296571349423,5.0,6,CBIOP_WXS_BLCA_DFARBER_MSKCC_2014|TMPRSS13
ANKRD30A,Q9BXX3,CBIOP_WXS_BLCA_DFARBER_MSKCC_2014,1e-05,0.0,[375 409],2.936331632532593,5.0,12,CBIOP_WXS_BLCA_DFARBER_MSKCC_2014|ANKRD30A
ZNF83,P51522,CBIOP_WXS_BLCA_BGI,1e-05,0.0,[293 290],12.892111212559085,22.0,25,CBIOP_WXS_BLCA_BGI|ZNF83
PIK3CA,P42336,CBIOP_WXS_BLCA_BGI,1e-05,0.0,[545 542 546],5.362456611936648,12.0,21,CBIOP_WXS_BLCA_BGI|PIK3CA
HRAS,P01112,CBIOP_WXS_BLCA_BGI,1e-05,0.0,[12 13 61],5.016517267395976,11.0,12,CBIOP_WXS_BLCA_BGI|HRAS
FGFR3,P22607,CBIOP_WXS_BLCA_BGI,1e-05,0.0,[373 370 371],3.984396802751812,7.0,12,CBIOP_WXS_BLCA_BGI|FGFR3
KRAS,A0A024RAV5,CBIOP_WXS_BLCA_BGI,1e-05,0.0,[12 61],3.623145462649469,7.0,7,CBIOP_WXS_BLCA_BGI|KRAS
NOTCH2,Q04721,CBIOP_WXS_BLCA_BGI,1e-05,0.0,[19 21],3.458811853330681,4.0,5,CBIOP_WXS_BLCA_BGI|NOTCH2
MADCAM1,Q13477,CBIOP_WXS_BLCA_BGI,1e-05,0.0,[246 248],3.4129908747404767,5.0,5,CBIOP_WXS_BLCA_BGI|MADCAM1
PPP6C,A0A024R861,CBIOP_WXS_BCC_UNIGE_2016_UNTREAT,1e-05,0.0,[259 264 270],4.212016080026595,11.0,13,CBIOP_WXS_BCC_UNIGE_2016_UNTREAT|PPP6C
TNFAIP2,Q03169,CBIOP_WXS_BCC_UNIGE_2016_UNTREAT,1e-05,0.0,[431],3.694261099932747,7.0,10,CBIOP_WXS_BCC_UNIGE_2016_UNTREAT|TNFAIP2
MYCN,P04198,CBIOP_WXS_BCC_UNIGE_2016_UNTREAT,1e-05,0.0,[60 59 44 63],3.6633184372030954,9.0,24,CBIOP_WXS_BCC_UNIGE_2016_UNTREAT|MYCN
ASPM,Q8IZT6,CBIOP_WXS_BCC_UNIGE_2016_UNTREAT,1e-05,0.0,[1886 1880 1888],3.2190808813601683,7.0,26,CBIOP_WXS_BCC_UNIGE_2016_UNTREAT|ASPM
ANKMY1,J3KQ21,CBIOP_WXS_BCC_UNIGE_2016_UNTREAT,1e-05,0.0,[525],3.007017020728004,6.0,12,CBIOP_WXS_BCC_UNIGE_2016_UNTREAT|ANKMY1
GOLGA3,Q08378,CBIOP_WXS_BCC_UNIGE_2016_UNTREAT,1e-05,0.0,[218],2.97753643349228,4.0,6,CBIOP_WXS_BCC_UNIGE_2016_UNTREAT|GOLGA3
TEX15,Q9BXT5,CBIOP_WXS_BCC_UNIGE_2016_UNTREAT,1e-05,0.0,[511],2.6271567585051465,7.0,62,CBIOP_WXS_BCC_UNIGE_2016_UNTREAT|TEX15
ANK2,Q01484,CBIOP_WXS_BCC_UNIGE_2016_UNTREAT,1e-05,0.0,[3105 3106],2.0798075963479623,6.0,81,CBIOP_WXS_BCC_UNIGE_2016_UNTREAT|ANK2
CSMD2,Q7Z408,CBIOP_WXS_ANGS_UNTREAT_2020,1e-05,0.0,[339],4.421872628739377,6.0,7,CBIOP_WXS_ANGS_UNTREAT_2020|CSMD2
ZNF430,Q9H8G1,CBIOP_WXS_ANGS_UNTREAT_2020,1e-05,0.0,[452 449],3.730411437659897,5.0,5,CBIOP_WXS_ANGS_UNTREAT_2020|ZNF430
KDR,P35968,CBIOP_WXS_ANGS_UNTREAT_2020,1e-05,0.0,[771],3.2549029756337253,4.0,4,CBIOP_WXS_ANGS_UNTREAT_2020|KDR
PLCG1,P19174,CBIOP_WXS_ANGS_UNTREAT_2020,1e-05,0.0,[707 750 691],2.5922211434707068,4.0,5,CBIOP_WXS_ANGS_UNTREAT_2020|PLCG1
G3BP1,Q13283,CBIOP_WXS_ANGS_TREATED_2020,1e-05,0.0,[4 5],3.180287536092985,4.0,4,CBIOP_WXS_ANGS_TREATED_2020|G3BP1
RETSAT,Q6NUM9,CBIOP_WXS_ACY_2019,1e-05,0.0,[533 536],3.7459529406205623,6.0,6,CBIOP_WXS_ACY_2019|RETSAT
NOTCH2,Q04721,CBIOP_WXS_ACY_2019,1e-05,0.0,[3],3.656037595149421,4.0,4,CBIOP_WXS_ACY_2019|NOTCH2
TP53,K7PPA8,CBIOP_WGS_STAD_ONCOSG_2018,1e-05,0.0,[239 242 245 236 248 273 175 195 237 179 132 244 282 234 130 159 285 214 215],7.151943702442914,26.0,47,CBIOP_WGS_STAD_ONCOSG_2018|TP53
SPOP,O43791,CBIOP_WGS_PRAD_EURUROL_2017,1e-05,0.0,[131  87 102 133 125],5.947183997558867,11.0,11,CBIOP_WGS_PRAD_EURUROL_2017|SPOP
